filename,length,label,melspectrogram_data
Data/genres_original/blues/blues.00000.wav,661794,blues,Data/melgram_numpy\blues.00000.npy
Data/genres_original/blues/blues.00001.wav,661794,blues,Data/melgram_numpy\blues.00001.npy
Data/genres_original/blues/blues.00002.wav,661794,blues,Data/melgram_numpy\blues.00002.npy
Data/genres_original/blues/blues.00003.wav,661794,blues,Data/melgram_numpy\blues.00003.npy
Data/genres_original/blues/blues.00004.wav,661794,blues,Data/melgram_numpy\blues.00004.npy
Data/genres_original/blues/blues.00005.wav,661794,blues,Data/melgram_numpy\blues.00005.npy
Data/genres_original/blues/blues.00006.wav,661794,blues,Data/melgram_numpy\blues.00006.npy
Data/genres_original/blues/blues.00007.wav,661794,blues,Data/melgram_numpy\blues.00007.npy
Data/genres_original/blues/blues.00008.wav,661794,blues,Data/melgram_numpy\blues.00008.npy
Data/genres_original/blues/blues.00009.wav,661794,blues,Data/melgram_numpy\blues.00009.npy
Data/genres_original/blues/blues.00010.wav,661794,blues,Data/melgram_numpy\blues.00010.npy
Data/genres_original/blues/blues.00011.wav,661794,blues,Data/melgram_numpy\blues.00011.npy
Data/genres_original/blues/blues.00012.wav,661794,blues,Data/melgram_numpy\blues.00012.npy
Data/genres_original/blues/blues.00013.wav,661794,blues,Data/melgram_numpy\blues.00013.npy
Data/genres_original/blues/blues.00014.wav,661794,blues,Data/melgram_numpy\blues.00014.npy
Data/genres_original/blues/blues.00015.wav,661794,blues,Data/melgram_numpy\blues.00015.npy
Data/genres_original/blues/blues.00016.wav,661794,blues,Data/melgram_numpy\blues.00016.npy
Data/genres_original/blues/blues.00017.wav,661794,blues,Data/melgram_numpy\blues.00017.npy
Data/genres_original/blues/blues.00018.wav,661794,blues,Data/melgram_numpy\blues.00018.npy
Data/genres_original/blues/blues.00019.wav,661794,blues,Data/melgram_numpy\blues.00019.npy
Data/genres_original/blues/blues.00020.wav,661794,blues,Data/melgram_numpy\blues.00020.npy
Data/genres_original/blues/blues.00021.wav,661794,blues,Data/melgram_numpy\blues.00021.npy
Data/genres_original/blues/blues.00022.wav,661794,blues,Data/melgram_numpy\blues.00022.npy
Data/genres_original/blues/blues.00023.wav,661794,blues,Data/melgram_numpy\blues.00023.npy
Data/genres_original/blues/blues.00024.wav,661794,blues,Data/melgram_numpy\blues.00024.npy
Data/genres_original/blues/blues.00025.wav,661794,blues,Data/melgram_numpy\blues.00025.npy
Data/genres_original/blues/blues.00026.wav,661794,blues,Data/melgram_numpy\blues.00026.npy
Data/genres_original/blues/blues.00027.wav,661794,blues,Data/melgram_numpy\blues.00027.npy
Data/genres_original/blues/blues.00028.wav,661794,blues,Data/melgram_numpy\blues.00028.npy
Data/genres_original/blues/blues.00029.wav,661794,blues,Data/melgram_numpy\blues.00029.npy
Data/genres_original/blues/blues.00030.wav,661794,blues,Data/melgram_numpy\blues.00030.npy
Data/genres_original/blues/blues.00031.wav,661794,blues,Data/melgram_numpy\blues.00031.npy
Data/genres_original/blues/blues.00032.wav,661794,blues,Data/melgram_numpy\blues.00032.npy
Data/genres_original/blues/blues.00033.wav,661794,blues,Data/melgram_numpy\blues.00033.npy
Data/genres_original/blues/blues.00034.wav,661794,blues,Data/melgram_numpy\blues.00034.npy
Data/genres_original/blues/blues.00035.wav,661794,blues,Data/melgram_numpy\blues.00035.npy
Data/genres_original/blues/blues.00036.wav,661794,blues,Data/melgram_numpy\blues.00036.npy
Data/genres_original/blues/blues.00037.wav,661794,blues,Data/melgram_numpy\blues.00037.npy
Data/genres_original/blues/blues.00038.wav,661794,blues,Data/melgram_numpy\blues.00038.npy
Data/genres_original/blues/blues.00039.wav,661794,blues,Data/melgram_numpy\blues.00039.npy
Data/genres_original/blues/blues.00040.wav,661794,blues,Data/melgram_numpy\blues.00040.npy
Data/genres_original/blues/blues.00041.wav,661794,blues,Data/melgram_numpy\blues.00041.npy
Data/genres_original/blues/blues.00042.wav,661794,blues,Data/melgram_numpy\blues.00042.npy
Data/genres_original/blues/blues.00043.wav,661794,blues,Data/melgram_numpy\blues.00043.npy
Data/genres_original/blues/blues.00044.wav,661794,blues,Data/melgram_numpy\blues.00044.npy
Data/genres_original/blues/blues.00045.wav,661794,blues,Data/melgram_numpy\blues.00045.npy
Data/genres_original/blues/blues.00046.wav,661794,blues,Data/melgram_numpy\blues.00046.npy
Data/genres_original/blues/blues.00047.wav,661794,blues,Data/melgram_numpy\blues.00047.npy
Data/genres_original/blues/blues.00048.wav,661794,blues,Data/melgram_numpy\blues.00048.npy
Data/genres_original/blues/blues.00049.wav,661794,blues,Data/melgram_numpy\blues.00049.npy
Data/genres_original/blues/blues.00050.wav,661794,blues,Data/melgram_numpy\blues.00050.npy
Data/genres_original/blues/blues.00051.wav,661794,blues,Data/melgram_numpy\blues.00051.npy
Data/genres_original/blues/blues.00052.wav,661794,blues,Data/melgram_numpy\blues.00052.npy
Data/genres_original/blues/blues.00053.wav,661794,blues,Data/melgram_numpy\blues.00053.npy
Data/genres_original/blues/blues.00054.wav,661794,blues,Data/melgram_numpy\blues.00054.npy
Data/genres_original/blues/blues.00055.wav,661794,blues,Data/melgram_numpy\blues.00055.npy
Data/genres_original/blues/blues.00056.wav,661794,blues,Data/melgram_numpy\blues.00056.npy
Data/genres_original/blues/blues.00057.wav,661794,blues,Data/melgram_numpy\blues.00057.npy
Data/genres_original/blues/blues.00058.wav,661794,blues,Data/melgram_numpy\blues.00058.npy
Data/genres_original/blues/blues.00059.wav,661794,blues,Data/melgram_numpy\blues.00059.npy
Data/genres_original/blues/blues.00060.wav,661794,blues,Data/melgram_numpy\blues.00060.npy
Data/genres_original/blues/blues.00061.wav,661794,blues,Data/melgram_numpy\blues.00061.npy
Data/genres_original/blues/blues.00062.wav,661794,blues,Data/melgram_numpy\blues.00062.npy
Data/genres_original/blues/blues.00063.wav,661794,blues,Data/melgram_numpy\blues.00063.npy
Data/genres_original/blues/blues.00064.wav,661794,blues,Data/melgram_numpy\blues.00064.npy
Data/genres_original/blues/blues.00065.wav,661794,blues,Data/melgram_numpy\blues.00065.npy
Data/genres_original/blues/blues.00066.wav,661794,blues,Data/melgram_numpy\blues.00066.npy
Data/genres_original/blues/blues.00067.wav,661794,blues,Data/melgram_numpy\blues.00067.npy
Data/genres_original/blues/blues.00068.wav,661794,blues,Data/melgram_numpy\blues.00068.npy
Data/genres_original/blues/blues.00069.wav,661794,blues,Data/melgram_numpy\blues.00069.npy
Data/genres_original/blues/blues.00070.wav,661794,blues,Data/melgram_numpy\blues.00070.npy
Data/genres_original/blues/blues.00071.wav,661794,blues,Data/melgram_numpy\blues.00071.npy
Data/genres_original/blues/blues.00072.wav,661794,blues,Data/melgram_numpy\blues.00072.npy
Data/genres_original/blues/blues.00073.wav,661794,blues,Data/melgram_numpy\blues.00073.npy
Data/genres_original/blues/blues.00074.wav,661794,blues,Data/melgram_numpy\blues.00074.npy
Data/genres_original/blues/blues.00075.wav,661794,blues,Data/melgram_numpy\blues.00075.npy
Data/genres_original/blues/blues.00076.wav,661794,blues,Data/melgram_numpy\blues.00076.npy
Data/genres_original/blues/blues.00077.wav,661794,blues,Data/melgram_numpy\blues.00077.npy
Data/genres_original/blues/blues.00078.wav,661794,blues,Data/melgram_numpy\blues.00078.npy
Data/genres_original/blues/blues.00079.wav,661794,blues,Data/melgram_numpy\blues.00079.npy
Data/genres_original/blues/blues.00080.wav,661794,blues,Data/melgram_numpy\blues.00080.npy
Data/genres_original/blues/blues.00081.wav,661794,blues,Data/melgram_numpy\blues.00081.npy
Data/genres_original/blues/blues.00082.wav,661794,blues,Data/melgram_numpy\blues.00082.npy
Data/genres_original/blues/blues.00083.wav,661794,blues,Data/melgram_numpy\blues.00083.npy
Data/genres_original/blues/blues.00084.wav,661794,blues,Data/melgram_numpy\blues.00084.npy
Data/genres_original/blues/blues.00085.wav,661794,blues,Data/melgram_numpy\blues.00085.npy
Data/genres_original/blues/blues.00086.wav,661794,blues,Data/melgram_numpy\blues.00086.npy
Data/genres_original/blues/blues.00087.wav,661794,blues,Data/melgram_numpy\blues.00087.npy
Data/genres_original/blues/blues.00088.wav,661794,blues,Data/melgram_numpy\blues.00088.npy
Data/genres_original/blues/blues.00089.wav,661794,blues,Data/melgram_numpy\blues.00089.npy
Data/genres_original/blues/blues.00090.wav,661794,blues,Data/melgram_numpy\blues.00090.npy
Data/genres_original/blues/blues.00091.wav,661794,blues,Data/melgram_numpy\blues.00091.npy
Data/genres_original/blues/blues.00092.wav,661794,blues,Data/melgram_numpy\blues.00092.npy
Data/genres_original/blues/blues.00093.wav,661794,blues,Data/melgram_numpy\blues.00093.npy
Data/genres_original/blues/blues.00094.wav,661794,blues,Data/melgram_numpy\blues.00094.npy
Data/genres_original/blues/blues.00095.wav,661794,blues,Data/melgram_numpy\blues.00095.npy
Data/genres_original/blues/blues.00096.wav,661794,blues,Data/melgram_numpy\blues.00096.npy
Data/genres_original/blues/blues.00097.wav,661794,blues,Data/melgram_numpy\blues.00097.npy
Data/genres_original/blues/blues.00098.wav,661794,blues,Data/melgram_numpy\blues.00098.npy
Data/genres_original/blues/blues.00099.wav,661794,blues,Data/melgram_numpy\blues.00099.npy
Data/genres_original/classical/classical.00000.wav,661794,classical,Data/melgram_numpy\classical.00000.npy
Data/genres_original/classical/classical.00001.wav,661794,classical,Data/melgram_numpy\classical.00001.npy
Data/genres_original/classical/classical.00002.wav,661794,classical,Data/melgram_numpy\classical.00002.npy
Data/genres_original/classical/classical.00003.wav,661794,classical,Data/melgram_numpy\classical.00003.npy
Data/genres_original/classical/classical.00004.wav,661794,classical,Data/melgram_numpy\classical.00004.npy
Data/genres_original/classical/classical.00005.wav,661794,classical,Data/melgram_numpy\classical.00005.npy
Data/genres_original/classical/classical.00006.wav,661794,classical,Data/melgram_numpy\classical.00006.npy
Data/genres_original/classical/classical.00007.wav,661794,classical,Data/melgram_numpy\classical.00007.npy
Data/genres_original/classical/classical.00008.wav,661794,classical,Data/melgram_numpy\classical.00008.npy
Data/genres_original/classical/classical.00009.wav,661794,classical,Data/melgram_numpy\classical.00009.npy
Data/genres_original/classical/classical.00010.wav,661794,classical,Data/melgram_numpy\classical.00010.npy
Data/genres_original/classical/classical.00011.wav,661794,classical,Data/melgram_numpy\classical.00011.npy
Data/genres_original/classical/classical.00012.wav,661794,classical,Data/melgram_numpy\classical.00012.npy
Data/genres_original/classical/classical.00013.wav,661794,classical,Data/melgram_numpy\classical.00013.npy
Data/genres_original/classical/classical.00014.wav,661794,classical,Data/melgram_numpy\classical.00014.npy
Data/genres_original/classical/classical.00015.wav,661794,classical,Data/melgram_numpy\classical.00015.npy
Data/genres_original/classical/classical.00016.wav,661794,classical,Data/melgram_numpy\classical.00016.npy
Data/genres_original/classical/classical.00017.wav,661794,classical,Data/melgram_numpy\classical.00017.npy
Data/genres_original/classical/classical.00018.wav,661794,classical,Data/melgram_numpy\classical.00018.npy
Data/genres_original/classical/classical.00019.wav,661794,classical,Data/melgram_numpy\classical.00019.npy
Data/genres_original/classical/classical.00020.wav,661794,classical,Data/melgram_numpy\classical.00020.npy
Data/genres_original/classical/classical.00021.wav,661794,classical,Data/melgram_numpy\classical.00021.npy
Data/genres_original/classical/classical.00022.wav,661794,classical,Data/melgram_numpy\classical.00022.npy
Data/genres_original/classical/classical.00023.wav,661794,classical,Data/melgram_numpy\classical.00023.npy
Data/genres_original/classical/classical.00024.wav,661794,classical,Data/melgram_numpy\classical.00024.npy
Data/genres_original/classical/classical.00025.wav,661794,classical,Data/melgram_numpy\classical.00025.npy
Data/genres_original/classical/classical.00026.wav,661794,classical,Data/melgram_numpy\classical.00026.npy
Data/genres_original/classical/classical.00027.wav,661794,classical,Data/melgram_numpy\classical.00027.npy
Data/genres_original/classical/classical.00028.wav,661794,classical,Data/melgram_numpy\classical.00028.npy
Data/genres_original/classical/classical.00029.wav,661794,classical,Data/melgram_numpy\classical.00029.npy
Data/genres_original/classical/classical.00030.wav,661794,classical,Data/melgram_numpy\classical.00030.npy
Data/genres_original/classical/classical.00031.wav,661794,classical,Data/melgram_numpy\classical.00031.npy
Data/genres_original/classical/classical.00032.wav,661794,classical,Data/melgram_numpy\classical.00032.npy
Data/genres_original/classical/classical.00033.wav,661794,classical,Data/melgram_numpy\classical.00033.npy
Data/genres_original/classical/classical.00034.wav,661794,classical,Data/melgram_numpy\classical.00034.npy
Data/genres_original/classical/classical.00035.wav,661794,classical,Data/melgram_numpy\classical.00035.npy
Data/genres_original/classical/classical.00036.wav,661794,classical,Data/melgram_numpy\classical.00036.npy
Data/genres_original/classical/classical.00037.wav,661794,classical,Data/melgram_numpy\classical.00037.npy
Data/genres_original/classical/classical.00038.wav,661794,classical,Data/melgram_numpy\classical.00038.npy
Data/genres_original/classical/classical.00039.wav,661794,classical,Data/melgram_numpy\classical.00039.npy
Data/genres_original/classical/classical.00040.wav,661794,classical,Data/melgram_numpy\classical.00040.npy
Data/genres_original/classical/classical.00041.wav,661794,classical,Data/melgram_numpy\classical.00041.npy
Data/genres_original/classical/classical.00043.wav,661676,classical,Data/melgram_numpy\classical.00043.npy
Data/genres_original/classical/classical.00044.wav,661794,classical,Data/melgram_numpy\classical.00044.npy
Data/genres_original/classical/classical.00046.wav,661760,classical,Data/melgram_numpy\classical.00046.npy
Data/genres_original/classical/classical.00047.wav,661794,classical,Data/melgram_numpy\classical.00047.npy
Data/genres_original/classical/classical.00050.wav,661794,classical,Data/melgram_numpy\classical.00050.npy
Data/genres_original/classical/classical.00052.wav,661794,classical,Data/melgram_numpy\classical.00052.npy
Data/genres_original/classical/classical.00055.wav,661794,classical,Data/melgram_numpy\classical.00055.npy
Data/genres_original/classical/classical.00057.wav,661794,classical,Data/melgram_numpy\classical.00057.npy
Data/genres_original/classical/classical.00058.wav,661794,classical,Data/melgram_numpy\classical.00058.npy
Data/genres_original/classical/classical.00059.wav,661794,classical,Data/melgram_numpy\classical.00059.npy
Data/genres_original/classical/classical.00060.wav,661794,classical,Data/melgram_numpy\classical.00060.npy
Data/genres_original/classical/classical.00061.wav,661794,classical,Data/melgram_numpy\classical.00061.npy
Data/genres_original/classical/classical.00062.wav,661794,classical,Data/melgram_numpy\classical.00062.npy
Data/genres_original/classical/classical.00063.wav,661794,classical,Data/melgram_numpy\classical.00063.npy
Data/genres_original/classical/classical.00064.wav,661794,classical,Data/melgram_numpy\classical.00064.npy
Data/genres_original/classical/classical.00065.wav,661794,classical,Data/melgram_numpy\classical.00065.npy
Data/genres_original/classical/classical.00066.wav,661794,classical,Data/melgram_numpy\classical.00066.npy
Data/genres_original/classical/classical.00067.wav,661794,classical,Data/melgram_numpy\classical.00067.npy
Data/genres_original/classical/classical.00068.wav,661794,classical,Data/melgram_numpy\classical.00068.npy
Data/genres_original/classical/classical.00069.wav,661794,classical,Data/melgram_numpy\classical.00069.npy
Data/genres_original/classical/classical.00070.wav,661794,classical,Data/melgram_numpy\classical.00070.npy
Data/genres_original/classical/classical.00071.wav,661794,classical,Data/melgram_numpy\classical.00071.npy
Data/genres_original/classical/classical.00072.wav,661794,classical,Data/melgram_numpy\classical.00072.npy
Data/genres_original/classical/classical.00073.wav,661794,classical,Data/melgram_numpy\classical.00073.npy
Data/genres_original/classical/classical.00074.wav,661794,classical,Data/melgram_numpy\classical.00074.npy
Data/genres_original/classical/classical.00075.wav,661794,classical,Data/melgram_numpy\classical.00075.npy
Data/genres_original/classical/classical.00076.wav,661794,classical,Data/melgram_numpy\classical.00076.npy
Data/genres_original/classical/classical.00077.wav,661794,classical,Data/melgram_numpy\classical.00077.npy
Data/genres_original/classical/classical.00078.wav,661794,classical,Data/melgram_numpy\classical.00078.npy
Data/genres_original/classical/classical.00079.wav,661794,classical,Data/melgram_numpy\classical.00079.npy
Data/genres_original/classical/classical.00080.wav,661794,classical,Data/melgram_numpy\classical.00080.npy
Data/genres_original/classical/classical.00081.wav,661794,classical,Data/melgram_numpy\classical.00081.npy
Data/genres_original/classical/classical.00082.wav,661794,classical,Data/melgram_numpy\classical.00082.npy
Data/genres_original/classical/classical.00083.wav,661794,classical,Data/melgram_numpy\classical.00083.npy
Data/genres_original/classical/classical.00084.wav,661794,classical,Data/melgram_numpy\classical.00084.npy
Data/genres_original/classical/classical.00085.wav,661794,classical,Data/melgram_numpy\classical.00085.npy
Data/genres_original/classical/classical.00086.wav,661794,classical,Data/melgram_numpy\classical.00086.npy
Data/genres_original/classical/classical.00087.wav,661794,classical,Data/melgram_numpy\classical.00087.npy
Data/genres_original/classical/classical.00088.wav,661794,classical,Data/melgram_numpy\classical.00088.npy
Data/genres_original/classical/classical.00089.wav,661794,classical,Data/melgram_numpy\classical.00089.npy
Data/genres_original/classical/classical.00090.wav,661794,classical,Data/melgram_numpy\classical.00090.npy
Data/genres_original/classical/classical.00091.wav,661794,classical,Data/melgram_numpy\classical.00091.npy
Data/genres_original/classical/classical.00092.wav,661794,classical,Data/melgram_numpy\classical.00092.npy
Data/genres_original/classical/classical.00093.wav,661794,classical,Data/melgram_numpy\classical.00093.npy
Data/genres_original/classical/classical.00094.wav,661794,classical,Data/melgram_numpy\classical.00094.npy
Data/genres_original/classical/classical.00095.wav,661794,classical,Data/melgram_numpy\classical.00095.npy
Data/genres_original/classical/classical.00096.wav,661794,classical,Data/melgram_numpy\classical.00096.npy
Data/genres_original/classical/classical.00097.wav,661794,classical,Data/melgram_numpy\classical.00097.npy
Data/genres_original/classical/classical.00098.wav,661794,classical,Data/melgram_numpy\classical.00098.npy
Data/genres_original/classical/classical.00099.wav,661794,classical,Data/melgram_numpy\classical.00099.npy
Data/genres_original/country/country.00001.wav,661760,country,Data/melgram_numpy\country.00001.npy
Data/genres_original/country/country.00010.wav,661794,country,Data/melgram_numpy\country.00010.npy
Data/genres_original/country/country.00011.wav,661794,country,Data/melgram_numpy\country.00011.npy
Data/genres_original/country/country.00012.wav,661794,country,Data/melgram_numpy\country.00012.npy
Data/genres_original/country/country.00013.wav,661794,country,Data/melgram_numpy\country.00013.npy
Data/genres_original/country/country.00014.wav,661794,country,Data/melgram_numpy\country.00014.npy
Data/genres_original/country/country.00015.wav,661794,country,Data/melgram_numpy\country.00015.npy
Data/genres_original/country/country.00016.wav,661794,country,Data/melgram_numpy\country.00016.npy
Data/genres_original/country/country.00017.wav,661794,country,Data/melgram_numpy\country.00017.npy
Data/genres_original/country/country.00018.wav,661794,country,Data/melgram_numpy\country.00018.npy
Data/genres_original/country/country.00019.wav,661794,country,Data/melgram_numpy\country.00019.npy
Data/genres_original/country/country.00020.wav,661794,country,Data/melgram_numpy\country.00020.npy
Data/genres_original/country/country.00021.wav,661794,country,Data/melgram_numpy\country.00021.npy
Data/genres_original/country/country.00022.wav,661794,country,Data/melgram_numpy\country.00022.npy
Data/genres_original/country/country.00023.wav,661794,country,Data/melgram_numpy\country.00023.npy
Data/genres_original/country/country.00024.wav,661794,country,Data/melgram_numpy\country.00024.npy
Data/genres_original/country/country.00025.wav,661794,country,Data/melgram_numpy\country.00025.npy
Data/genres_original/country/country.00026.wav,661794,country,Data/melgram_numpy\country.00026.npy
Data/genres_original/country/country.00027.wav,661794,country,Data/melgram_numpy\country.00027.npy
Data/genres_original/country/country.00028.wav,661794,country,Data/melgram_numpy\country.00028.npy
Data/genres_original/country/country.00029.wav,661794,country,Data/melgram_numpy\country.00029.npy
Data/genres_original/country/country.00030.wav,661794,country,Data/melgram_numpy\country.00030.npy
Data/genres_original/country/country.00031.wav,661794,country,Data/melgram_numpy\country.00031.npy
Data/genres_original/country/country.00032.wav,661794,country,Data/melgram_numpy\country.00032.npy
Data/genres_original/country/country.00033.wav,661794,country,Data/melgram_numpy\country.00033.npy
Data/genres_original/country/country.00034.wav,661794,country,Data/melgram_numpy\country.00034.npy
Data/genres_original/country/country.00035.wav,661794,country,Data/melgram_numpy\country.00035.npy
Data/genres_original/country/country.00036.wav,661794,country,Data/melgram_numpy\country.00036.npy
Data/genres_original/country/country.00037.wav,661794,country,Data/melgram_numpy\country.00037.npy
Data/genres_original/country/country.00038.wav,661794,country,Data/melgram_numpy\country.00038.npy
Data/genres_original/country/country.00039.wav,661794,country,Data/melgram_numpy\country.00039.npy
Data/genres_original/country/country.00040.wav,661794,country,Data/melgram_numpy\country.00040.npy
Data/genres_original/country/country.00041.wav,661794,country,Data/melgram_numpy\country.00041.npy
Data/genres_original/country/country.00042.wav,661794,country,Data/melgram_numpy\country.00042.npy
Data/genres_original/country/country.00043.wav,661794,country,Data/melgram_numpy\country.00043.npy
Data/genres_original/country/country.00044.wav,661794,country,Data/melgram_numpy\country.00044.npy
Data/genres_original/country/country.00045.wav,661794,country,Data/melgram_numpy\country.00045.npy
Data/genres_original/country/country.00046.wav,661794,country,Data/melgram_numpy\country.00046.npy
Data/genres_original/country/country.00047.wav,661794,country,Data/melgram_numpy\country.00047.npy
Data/genres_original/country/country.00048.wav,661794,country,Data/melgram_numpy\country.00048.npy
Data/genres_original/country/country.00049.wav,661794,country,Data/melgram_numpy\country.00049.npy
Data/genres_original/country/country.00050.wav,661794,country,Data/melgram_numpy\country.00050.npy
Data/genres_original/country/country.00051.wav,661794,country,Data/melgram_numpy\country.00051.npy
Data/genres_original/country/country.00052.wav,661794,country,Data/melgram_numpy\country.00052.npy
Data/genres_original/country/country.00053.wav,661794,country,Data/melgram_numpy\country.00053.npy
Data/genres_original/country/country.00054.wav,661794,country,Data/melgram_numpy\country.00054.npy
Data/genres_original/country/country.00055.wav,661794,country,Data/melgram_numpy\country.00055.npy
Data/genres_original/country/country.00056.wav,661794,country,Data/melgram_numpy\country.00056.npy
Data/genres_original/country/country.00057.wav,661794,country,Data/melgram_numpy\country.00057.npy
Data/genres_original/country/country.00058.wav,661794,country,Data/melgram_numpy\country.00058.npy
Data/genres_original/country/country.00059.wav,661794,country,Data/melgram_numpy\country.00059.npy
Data/genres_original/country/country.00060.wav,661794,country,Data/melgram_numpy\country.00060.npy
Data/genres_original/country/country.00061.wav,661794,country,Data/melgram_numpy\country.00061.npy
Data/genres_original/country/country.00062.wav,661794,country,Data/melgram_numpy\country.00062.npy
Data/genres_original/country/country.00063.wav,661794,country,Data/melgram_numpy\country.00063.npy
Data/genres_original/country/country.00064.wav,661794,country,Data/melgram_numpy\country.00064.npy
Data/genres_original/country/country.00065.wav,661794,country,Data/melgram_numpy\country.00065.npy
Data/genres_original/country/country.00066.wav,661794,country,Data/melgram_numpy\country.00066.npy
Data/genres_original/country/country.00067.wav,661794,country,Data/melgram_numpy\country.00067.npy
Data/genres_original/country/country.00068.wav,661794,country,Data/melgram_numpy\country.00068.npy
Data/genres_original/country/country.00069.wav,661794,country,Data/melgram_numpy\country.00069.npy
Data/genres_original/country/country.00070.wav,661794,country,Data/melgram_numpy\country.00070.npy
Data/genres_original/country/country.00071.wav,661794,country,Data/melgram_numpy\country.00071.npy
Data/genres_original/country/country.00072.wav,661794,country,Data/melgram_numpy\country.00072.npy
Data/genres_original/country/country.00073.wav,661794,country,Data/melgram_numpy\country.00073.npy
Data/genres_original/country/country.00074.wav,661794,country,Data/melgram_numpy\country.00074.npy
Data/genres_original/country/country.00075.wav,661794,country,Data/melgram_numpy\country.00075.npy
Data/genres_original/country/country.00076.wav,661794,country,Data/melgram_numpy\country.00076.npy
Data/genres_original/country/country.00077.wav,661794,country,Data/melgram_numpy\country.00077.npy
Data/genres_original/country/country.00078.wav,661794,country,Data/melgram_numpy\country.00078.npy
Data/genres_original/country/country.00079.wav,661794,country,Data/melgram_numpy\country.00079.npy
Data/genres_original/country/country.00080.wav,661794,country,Data/melgram_numpy\country.00080.npy
Data/genres_original/country/country.00081.wav,661794,country,Data/melgram_numpy\country.00081.npy
Data/genres_original/country/country.00082.wav,661794,country,Data/melgram_numpy\country.00082.npy
Data/genres_original/country/country.00083.wav,661794,country,Data/melgram_numpy\country.00083.npy
Data/genres_original/country/country.00084.wav,661794,country,Data/melgram_numpy\country.00084.npy
Data/genres_original/country/country.00085.wav,661794,country,Data/melgram_numpy\country.00085.npy
Data/genres_original/country/country.00086.wav,661794,country,Data/melgram_numpy\country.00086.npy
Data/genres_original/country/country.00087.wav,661794,country,Data/melgram_numpy\country.00087.npy
Data/genres_original/country/country.00088.wav,661794,country,Data/melgram_numpy\country.00088.npy
Data/genres_original/country/country.00089.wav,661794,country,Data/melgram_numpy\country.00089.npy
Data/genres_original/country/country.00090.wav,661794,country,Data/melgram_numpy\country.00090.npy
Data/genres_original/country/country.00091.wav,661794,country,Data/melgram_numpy\country.00091.npy
Data/genres_original/country/country.00092.wav,661794,country,Data/melgram_numpy\country.00092.npy
Data/genres_original/country/country.00093.wav,661794,country,Data/melgram_numpy\country.00093.npy
Data/genres_original/country/country.00094.wav,661794,country,Data/melgram_numpy\country.00094.npy
Data/genres_original/country/country.00095.wav,661794,country,Data/melgram_numpy\country.00095.npy
Data/genres_original/country/country.00096.wav,661794,country,Data/melgram_numpy\country.00096.npy
Data/genres_original/country/country.00097.wav,661794,country,Data/melgram_numpy\country.00097.npy
Data/genres_original/country/country.00098.wav,661794,country,Data/melgram_numpy\country.00098.npy
Data/genres_original/country/country.00099.wav,661794,country,Data/melgram_numpy\country.00099.npy
Data/genres_original/disco/disco.00002.wav,661794,disco,Data/melgram_numpy\disco.00002.npy
Data/genres_original/disco/disco.00004.wav,661794,disco,Data/melgram_numpy\disco.00004.npy
Data/genres_original/disco/disco.00006.wav,661676,disco,Data/melgram_numpy\disco.00006.npy
Data/genres_original/disco/disco.00007.wav,661794,disco,Data/melgram_numpy\disco.00007.npy
Data/genres_original/disco/disco.00009.wav,661794,disco,Data/melgram_numpy\disco.00009.npy
Data/genres_original/disco/disco.00010.wav,661760,disco,Data/melgram_numpy\disco.00010.npy
Data/genres_original/disco/disco.00011.wav,661794,disco,Data/melgram_numpy\disco.00011.npy
Data/genres_original/disco/disco.00013.wav,661794,disco,Data/melgram_numpy\disco.00013.npy
Data/genres_original/disco/disco.00015.wav,661794,disco,Data/melgram_numpy\disco.00015.npy
Data/genres_original/disco/disco.00017.wav,661794,disco,Data/melgram_numpy\disco.00017.npy
Data/genres_original/disco/disco.00018.wav,661794,disco,Data/melgram_numpy\disco.00018.npy
Data/genres_original/disco/disco.00019.wav,661794,disco,Data/melgram_numpy\disco.00019.npy
Data/genres_original/disco/disco.00020.wav,661794,disco,Data/melgram_numpy\disco.00020.npy
Data/genres_original/disco/disco.00021.wav,661794,disco,Data/melgram_numpy\disco.00021.npy
Data/genres_original/disco/disco.00022.wav,661794,disco,Data/melgram_numpy\disco.00022.npy
Data/genres_original/disco/disco.00023.wav,661794,disco,Data/melgram_numpy\disco.00023.npy
Data/genres_original/disco/disco.00024.wav,661794,disco,Data/melgram_numpy\disco.00024.npy
Data/genres_original/disco/disco.00025.wav,661794,disco,Data/melgram_numpy\disco.00025.npy
Data/genres_original/disco/disco.00026.wav,661794,disco,Data/melgram_numpy\disco.00026.npy
Data/genres_original/disco/disco.00027.wav,661794,disco,Data/melgram_numpy\disco.00027.npy
Data/genres_original/disco/disco.00028.wav,661794,disco,Data/melgram_numpy\disco.00028.npy
Data/genres_original/disco/disco.00029.wav,661794,disco,Data/melgram_numpy\disco.00029.npy
Data/genres_original/disco/disco.00030.wav,661794,disco,Data/melgram_numpy\disco.00030.npy
Data/genres_original/disco/disco.00031.wav,661794,disco,Data/melgram_numpy\disco.00031.npy
Data/genres_original/disco/disco.00032.wav,661794,disco,Data/melgram_numpy\disco.00032.npy
Data/genres_original/disco/disco.00033.wav,661794,disco,Data/melgram_numpy\disco.00033.npy
Data/genres_original/disco/disco.00034.wav,661794,disco,Data/melgram_numpy\disco.00034.npy
Data/genres_original/disco/disco.00035.wav,661794,disco,Data/melgram_numpy\disco.00035.npy
Data/genres_original/disco/disco.00036.wav,661794,disco,Data/melgram_numpy\disco.00036.npy
Data/genres_original/disco/disco.00037.wav,661794,disco,Data/melgram_numpy\disco.00037.npy
Data/genres_original/disco/disco.00038.wav,661794,disco,Data/melgram_numpy\disco.00038.npy
Data/genres_original/disco/disco.00039.wav,661794,disco,Data/melgram_numpy\disco.00039.npy
Data/genres_original/disco/disco.00040.wav,661794,disco,Data/melgram_numpy\disco.00040.npy
Data/genres_original/disco/disco.00041.wav,661794,disco,Data/melgram_numpy\disco.00041.npy
Data/genres_original/disco/disco.00042.wav,661794,disco,Data/melgram_numpy\disco.00042.npy
Data/genres_original/disco/disco.00043.wav,661794,disco,Data/melgram_numpy\disco.00043.npy
Data/genres_original/disco/disco.00044.wav,661794,disco,Data/melgram_numpy\disco.00044.npy
Data/genres_original/disco/disco.00045.wav,661794,disco,Data/melgram_numpy\disco.00045.npy
Data/genres_original/disco/disco.00046.wav,661504,disco,Data/melgram_numpy\disco.00046.npy
Data/genres_original/disco/disco.00047.wav,661504,disco,Data/melgram_numpy\disco.00047.npy
Data/genres_original/disco/disco.00048.wav,661504,disco,Data/melgram_numpy\disco.00048.npy
Data/genres_original/disco/disco.00049.wav,661504,disco,Data/melgram_numpy\disco.00049.npy
Data/genres_original/disco/disco.00050.wav,661504,disco,Data/melgram_numpy\disco.00050.npy
Data/genres_original/disco/disco.00051.wav,661504,disco,Data/melgram_numpy\disco.00051.npy
Data/genres_original/disco/disco.00052.wav,661504,disco,Data/melgram_numpy\disco.00052.npy
Data/genres_original/disco/disco.00053.wav,661504,disco,Data/melgram_numpy\disco.00053.npy
Data/genres_original/disco/disco.00054.wav,661504,disco,Data/melgram_numpy\disco.00054.npy
Data/genres_original/disco/disco.00055.wav,661504,disco,Data/melgram_numpy\disco.00055.npy
Data/genres_original/disco/disco.00056.wav,661504,disco,Data/melgram_numpy\disco.00056.npy
Data/genres_original/disco/disco.00057.wav,661504,disco,Data/melgram_numpy\disco.00057.npy
Data/genres_original/disco/disco.00058.wav,661504,disco,Data/melgram_numpy\disco.00058.npy
Data/genres_original/disco/disco.00059.wav,661504,disco,Data/melgram_numpy\disco.00059.npy
Data/genres_original/disco/disco.00060.wav,661504,disco,Data/melgram_numpy\disco.00060.npy
Data/genres_original/disco/disco.00061.wav,661504,disco,Data/melgram_numpy\disco.00061.npy
Data/genres_original/disco/disco.00062.wav,661504,disco,Data/melgram_numpy\disco.00062.npy
Data/genres_original/disco/disco.00063.wav,661504,disco,Data/melgram_numpy\disco.00063.npy
Data/genres_original/disco/disco.00064.wav,661504,disco,Data/melgram_numpy\disco.00064.npy
Data/genres_original/disco/disco.00065.wav,661504,disco,Data/melgram_numpy\disco.00065.npy
Data/genres_original/disco/disco.00066.wav,661504,disco,Data/melgram_numpy\disco.00066.npy
Data/genres_original/disco/disco.00067.wav,661504,disco,Data/melgram_numpy\disco.00067.npy
Data/genres_original/disco/disco.00068.wav,661504,disco,Data/melgram_numpy\disco.00068.npy
Data/genres_original/disco/disco.00069.wav,661504,disco,Data/melgram_numpy\disco.00069.npy
Data/genres_original/disco/disco.00070.wav,661504,disco,Data/melgram_numpy\disco.00070.npy
Data/genres_original/disco/disco.00071.wav,661504,disco,Data/melgram_numpy\disco.00071.npy
Data/genres_original/disco/disco.00072.wav,661504,disco,Data/melgram_numpy\disco.00072.npy
Data/genres_original/disco/disco.00073.wav,661504,disco,Data/melgram_numpy\disco.00073.npy
Data/genres_original/disco/disco.00074.wav,661504,disco,Data/melgram_numpy\disco.00074.npy
Data/genres_original/disco/disco.00075.wav,661504,disco,Data/melgram_numpy\disco.00075.npy
Data/genres_original/disco/disco.00076.wav,661504,disco,Data/melgram_numpy\disco.00076.npy
Data/genres_original/disco/disco.00077.wav,661504,disco,Data/melgram_numpy\disco.00077.npy
Data/genres_original/disco/disco.00078.wav,661504,disco,Data/melgram_numpy\disco.00078.npy
Data/genres_original/disco/disco.00079.wav,661504,disco,Data/melgram_numpy\disco.00079.npy
Data/genres_original/disco/disco.00080.wav,661504,disco,Data/melgram_numpy\disco.00080.npy
Data/genres_original/disco/disco.00081.wav,661504,disco,Data/melgram_numpy\disco.00081.npy
Data/genres_original/disco/disco.00082.wav,661504,disco,Data/melgram_numpy\disco.00082.npy
Data/genres_original/disco/disco.00083.wav,661504,disco,Data/melgram_numpy\disco.00083.npy
Data/genres_original/disco/disco.00084.wav,661504,disco,Data/melgram_numpy\disco.00084.npy
Data/genres_original/disco/disco.00085.wav,661504,disco,Data/melgram_numpy\disco.00085.npy
Data/genres_original/disco/disco.00086.wav,661504,disco,Data/melgram_numpy\disco.00086.npy
Data/genres_original/disco/disco.00087.wav,661504,disco,Data/melgram_numpy\disco.00087.npy
Data/genres_original/disco/disco.00088.wav,661504,disco,Data/melgram_numpy\disco.00088.npy
Data/genres_original/disco/disco.00089.wav,661504,disco,Data/melgram_numpy\disco.00089.npy
Data/genres_original/disco/disco.00090.wav,661504,disco,Data/melgram_numpy\disco.00090.npy
Data/genres_original/disco/disco.00091.wav,661504,disco,Data/melgram_numpy\disco.00091.npy
Data/genres_original/disco/disco.00092.wav,661504,disco,Data/melgram_numpy\disco.00092.npy
Data/genres_original/disco/disco.00093.wav,661504,disco,Data/melgram_numpy\disco.00093.npy
Data/genres_original/disco/disco.00094.wav,661504,disco,Data/melgram_numpy\disco.00094.npy
Data/genres_original/disco/disco.00095.wav,661504,disco,Data/melgram_numpy\disco.00095.npy
Data/genres_original/disco/disco.00096.wav,661504,disco,Data/melgram_numpy\disco.00096.npy
Data/genres_original/disco/disco.00097.wav,661504,disco,Data/melgram_numpy\disco.00097.npy
Data/genres_original/disco/disco.00098.wav,661504,disco,Data/melgram_numpy\disco.00098.npy
Data/genres_original/disco/disco.00099.wav,661504,disco,Data/melgram_numpy\disco.00099.npy
Data/genres_original/hiphop/hiphop.00000.wav,661504,hiphop,Data/melgram_numpy\hiphop.00000.npy
Data/genres_original/hiphop/hiphop.00001.wav,661504,hiphop,Data/melgram_numpy\hiphop.00001.npy
Data/genres_original/hiphop/hiphop.00002.wav,661504,hiphop,Data/melgram_numpy\hiphop.00002.npy
Data/genres_original/hiphop/hiphop.00003.wav,661504,hiphop,Data/melgram_numpy\hiphop.00003.npy
Data/genres_original/hiphop/hiphop.00004.wav,661504,hiphop,Data/melgram_numpy\hiphop.00004.npy
Data/genres_original/hiphop/hiphop.00005.wav,661504,hiphop,Data/melgram_numpy\hiphop.00005.npy
Data/genres_original/hiphop/hiphop.00006.wav,661504,hiphop,Data/melgram_numpy\hiphop.00006.npy
Data/genres_original/hiphop/hiphop.00007.wav,661504,hiphop,Data/melgram_numpy\hiphop.00007.npy
Data/genres_original/hiphop/hiphop.00008.wav,661794,hiphop,Data/melgram_numpy\hiphop.00008.npy
Data/genres_original/hiphop/hiphop.00009.wav,661794,hiphop,Data/melgram_numpy\hiphop.00009.npy
Data/genres_original/hiphop/hiphop.00010.wav,661794,hiphop,Data/melgram_numpy\hiphop.00010.npy
Data/genres_original/hiphop/hiphop.00011.wav,661794,hiphop,Data/melgram_numpy\hiphop.00011.npy
Data/genres_original/hiphop/hiphop.00012.wav,661794,hiphop,Data/melgram_numpy\hiphop.00012.npy
Data/genres_original/hiphop/hiphop.00013.wav,661794,hiphop,Data/melgram_numpy\hiphop.00013.npy
Data/genres_original/hiphop/hiphop.00014.wav,661794,hiphop,Data/melgram_numpy\hiphop.00014.npy
Data/genres_original/hiphop/hiphop.00015.wav,661794,hiphop,Data/melgram_numpy\hiphop.00015.npy
Data/genres_original/hiphop/hiphop.00016.wav,661794,hiphop,Data/melgram_numpy\hiphop.00016.npy
Data/genres_original/hiphop/hiphop.00017.wav,661794,hiphop,Data/melgram_numpy\hiphop.00017.npy
Data/genres_original/hiphop/hiphop.00018.wav,661794,hiphop,Data/melgram_numpy\hiphop.00018.npy
Data/genres_original/hiphop/hiphop.00019.wav,661794,hiphop,Data/melgram_numpy\hiphop.00019.npy
Data/genres_original/hiphop/hiphop.00020.wav,661794,hiphop,Data/melgram_numpy\hiphop.00020.npy
Data/genres_original/hiphop/hiphop.00021.wav,661794,hiphop,Data/melgram_numpy\hiphop.00021.npy
Data/genres_original/hiphop/hiphop.00022.wav,661794,hiphop,Data/melgram_numpy\hiphop.00022.npy
Data/genres_original/hiphop/hiphop.00023.wav,661794,hiphop,Data/melgram_numpy\hiphop.00023.npy
Data/genres_original/hiphop/hiphop.00024.wav,661794,hiphop,Data/melgram_numpy\hiphop.00024.npy
Data/genres_original/hiphop/hiphop.00025.wav,661794,hiphop,Data/melgram_numpy\hiphop.00025.npy
Data/genres_original/hiphop/hiphop.00028.wav,661676,hiphop,Data/melgram_numpy\hiphop.00028.npy
Data/genres_original/hiphop/hiphop.00030.wav,661760,hiphop,Data/melgram_numpy\hiphop.00030.npy
Data/genres_original/hiphop/hiphop.00046.wav,661794,hiphop,Data/melgram_numpy\hiphop.00046.npy
Data/genres_original/hiphop/hiphop.00047.wav,661794,hiphop,Data/melgram_numpy\hiphop.00047.npy
Data/genres_original/hiphop/hiphop.00048.wav,661794,hiphop,Data/melgram_numpy\hiphop.00048.npy
Data/genres_original/hiphop/hiphop.00049.wav,661794,hiphop,Data/melgram_numpy\hiphop.00049.npy
Data/genres_original/hiphop/hiphop.00050.wav,661794,hiphop,Data/melgram_numpy\hiphop.00050.npy
Data/genres_original/hiphop/hiphop.00051.wav,661794,hiphop,Data/melgram_numpy\hiphop.00051.npy
Data/genres_original/hiphop/hiphop.00052.wav,661794,hiphop,Data/melgram_numpy\hiphop.00052.npy
Data/genres_original/hiphop/hiphop.00053.wav,661794,hiphop,Data/melgram_numpy\hiphop.00053.npy
Data/genres_original/hiphop/hiphop.00054.wav,661794,hiphop,Data/melgram_numpy\hiphop.00054.npy
Data/genres_original/hiphop/hiphop.00055.wav,661794,hiphop,Data/melgram_numpy\hiphop.00055.npy
Data/genres_original/hiphop/hiphop.00056.wav,661794,hiphop,Data/melgram_numpy\hiphop.00056.npy
Data/genres_original/hiphop/hiphop.00057.wav,661794,hiphop,Data/melgram_numpy\hiphop.00057.npy
Data/genres_original/hiphop/hiphop.00058.wav,661794,hiphop,Data/melgram_numpy\hiphop.00058.npy
Data/genres_original/hiphop/hiphop.00059.wav,661794,hiphop,Data/melgram_numpy\hiphop.00059.npy
Data/genres_original/hiphop/hiphop.00060.wav,661794,hiphop,Data/melgram_numpy\hiphop.00060.npy
Data/genres_original/hiphop/hiphop.00061.wav,661794,hiphop,Data/melgram_numpy\hiphop.00061.npy
Data/genres_original/hiphop/hiphop.00062.wav,661794,hiphop,Data/melgram_numpy\hiphop.00062.npy
Data/genres_original/hiphop/hiphop.00063.wav,661794,hiphop,Data/melgram_numpy\hiphop.00063.npy
Data/genres_original/hiphop/hiphop.00064.wav,661794,hiphop,Data/melgram_numpy\hiphop.00064.npy
Data/genres_original/hiphop/hiphop.00065.wav,661794,hiphop,Data/melgram_numpy\hiphop.00065.npy
Data/genres_original/hiphop/hiphop.00066.wav,661794,hiphop,Data/melgram_numpy\hiphop.00066.npy
Data/genres_original/hiphop/hiphop.00067.wav,661794,hiphop,Data/melgram_numpy\hiphop.00067.npy
Data/genres_original/hiphop/hiphop.00068.wav,661794,hiphop,Data/melgram_numpy\hiphop.00068.npy
Data/genres_original/hiphop/hiphop.00069.wav,661794,hiphop,Data/melgram_numpy\hiphop.00069.npy
Data/genres_original/hiphop/hiphop.00070.wav,661794,hiphop,Data/melgram_numpy\hiphop.00070.npy
Data/genres_original/hiphop/hiphop.00071.wav,661794,hiphop,Data/melgram_numpy\hiphop.00071.npy
Data/genres_original/hiphop/hiphop.00072.wav,661794,hiphop,Data/melgram_numpy\hiphop.00072.npy
Data/genres_original/hiphop/hiphop.00073.wav,661794,hiphop,Data/melgram_numpy\hiphop.00073.npy
Data/genres_original/hiphop/hiphop.00074.wav,661794,hiphop,Data/melgram_numpy\hiphop.00074.npy
Data/genres_original/hiphop/hiphop.00075.wav,661794,hiphop,Data/melgram_numpy\hiphop.00075.npy
Data/genres_original/hiphop/hiphop.00076.wav,661504,hiphop,Data/melgram_numpy\hiphop.00076.npy
Data/genres_original/hiphop/hiphop.00077.wav,661504,hiphop,Data/melgram_numpy\hiphop.00077.npy
Data/genres_original/hiphop/hiphop.00078.wav,661504,hiphop,Data/melgram_numpy\hiphop.00078.npy
Data/genres_original/hiphop/hiphop.00079.wav,661504,hiphop,Data/melgram_numpy\hiphop.00079.npy
Data/genres_original/hiphop/hiphop.00080.wav,661504,hiphop,Data/melgram_numpy\hiphop.00080.npy
Data/genres_original/hiphop/hiphop.00081.wav,661794,hiphop,Data/melgram_numpy\hiphop.00081.npy
Data/genres_original/hiphop/hiphop.00082.wav,661794,hiphop,Data/melgram_numpy\hiphop.00082.npy
Data/genres_original/hiphop/hiphop.00083.wav,661794,hiphop,Data/melgram_numpy\hiphop.00083.npy
Data/genres_original/hiphop/hiphop.00084.wav,661794,hiphop,Data/melgram_numpy\hiphop.00084.npy
Data/genres_original/hiphop/hiphop.00085.wav,661794,hiphop,Data/melgram_numpy\hiphop.00085.npy
Data/genres_original/hiphop/hiphop.00086.wav,661794,hiphop,Data/melgram_numpy\hiphop.00086.npy
Data/genres_original/hiphop/hiphop.00087.wav,661794,hiphop,Data/melgram_numpy\hiphop.00087.npy
Data/genres_original/hiphop/hiphop.00088.wav,661794,hiphop,Data/melgram_numpy\hiphop.00088.npy
Data/genres_original/hiphop/hiphop.00089.wav,661794,hiphop,Data/melgram_numpy\hiphop.00089.npy
Data/genres_original/hiphop/hiphop.00090.wav,661794,hiphop,Data/melgram_numpy\hiphop.00090.npy
Data/genres_original/hiphop/hiphop.00091.wav,661794,hiphop,Data/melgram_numpy\hiphop.00091.npy
Data/genres_original/hiphop/hiphop.00092.wav,661794,hiphop,Data/melgram_numpy\hiphop.00092.npy
Data/genres_original/hiphop/hiphop.00093.wav,661794,hiphop,Data/melgram_numpy\hiphop.00093.npy
Data/genres_original/hiphop/hiphop.00094.wav,661794,hiphop,Data/melgram_numpy\hiphop.00094.npy
Data/genres_original/hiphop/hiphop.00095.wav,661794,hiphop,Data/melgram_numpy\hiphop.00095.npy
Data/genres_original/hiphop/hiphop.00096.wav,661794,hiphop,Data/melgram_numpy\hiphop.00096.npy
Data/genres_original/hiphop/hiphop.00097.wav,661794,hiphop,Data/melgram_numpy\hiphop.00097.npy
Data/genres_original/hiphop/hiphop.00098.wav,661794,hiphop,Data/melgram_numpy\hiphop.00098.npy
Data/genres_original/hiphop/hiphop.00099.wav,661504,hiphop,Data/melgram_numpy\hiphop.00099.npy
Data/genres_original/jazz/jazz.00000.wav,661794,jazz,Data/melgram_numpy\jazz.00000.npy
Data/genres_original/jazz/jazz.00001.wav,661794,jazz,Data/melgram_numpy\jazz.00001.npy
Data/genres_original/jazz/jazz.00002.wav,661794,jazz,Data/melgram_numpy\jazz.00002.npy
Data/genres_original/jazz/jazz.00003.wav,661794,jazz,Data/melgram_numpy\jazz.00003.npy
Data/genres_original/jazz/jazz.00004.wav,661794,jazz,Data/melgram_numpy\jazz.00004.npy
Data/genres_original/jazz/jazz.00005.wav,661794,jazz,Data/melgram_numpy\jazz.00005.npy
Data/genres_original/jazz/jazz.00006.wav,661794,jazz,Data/melgram_numpy\jazz.00006.npy
Data/genres_original/jazz/jazz.00007.wav,661794,jazz,Data/melgram_numpy\jazz.00007.npy
Data/genres_original/jazz/jazz.00008.wav,661794,jazz,Data/melgram_numpy\jazz.00008.npy
Data/genres_original/jazz/jazz.00009.wav,661794,jazz,Data/melgram_numpy\jazz.00009.npy
Data/genres_original/jazz/jazz.00010.wav,661794,jazz,Data/melgram_numpy\jazz.00010.npy
Data/genres_original/jazz/jazz.00011.wav,661794,jazz,Data/melgram_numpy\jazz.00011.npy
Data/genres_original/jazz/jazz.00012.wav,661794,jazz,Data/melgram_numpy\jazz.00012.npy
Data/genres_original/jazz/jazz.00013.wav,661794,jazz,Data/melgram_numpy\jazz.00013.npy
Data/genres_original/jazz/jazz.00014.wav,661794,jazz,Data/melgram_numpy\jazz.00014.npy
Data/genres_original/jazz/jazz.00015.wav,661794,jazz,Data/melgram_numpy\jazz.00015.npy
Data/genres_original/jazz/jazz.00016.wav,661794,jazz,Data/melgram_numpy\jazz.00016.npy
Data/genres_original/jazz/jazz.00017.wav,661794,jazz,Data/melgram_numpy\jazz.00017.npy
Data/genres_original/jazz/jazz.00018.wav,661794,jazz,Data/melgram_numpy\jazz.00018.npy
Data/genres_original/jazz/jazz.00019.wav,661794,jazz,Data/melgram_numpy\jazz.00019.npy
Data/genres_original/jazz/jazz.00020.wav,661794,jazz,Data/melgram_numpy\jazz.00020.npy
Data/genres_original/jazz/jazz.00021.wav,661794,jazz,Data/melgram_numpy\jazz.00021.npy
Data/genres_original/jazz/jazz.00022.wav,661794,jazz,Data/melgram_numpy\jazz.00022.npy
Data/genres_original/jazz/jazz.00023.wav,661794,jazz,Data/melgram_numpy\jazz.00023.npy
Data/genres_original/jazz/jazz.00024.wav,661794,jazz,Data/melgram_numpy\jazz.00024.npy
Data/genres_original/jazz/jazz.00025.wav,661794,jazz,Data/melgram_numpy\jazz.00025.npy
Data/genres_original/jazz/jazz.00026.wav,661794,jazz,Data/melgram_numpy\jazz.00026.npy
Data/genres_original/jazz/jazz.00027.wav,661794,jazz,Data/melgram_numpy\jazz.00027.npy
Data/genres_original/jazz/jazz.00028.wav,661794,jazz,Data/melgram_numpy\jazz.00028.npy
Data/genres_original/jazz/jazz.00029.wav,661794,jazz,Data/melgram_numpy\jazz.00029.npy
Data/genres_original/jazz/jazz.00030.wav,661794,jazz,Data/melgram_numpy\jazz.00030.npy
Data/genres_original/jazz/jazz.00031.wav,661794,jazz,Data/melgram_numpy\jazz.00031.npy
Data/genres_original/jazz/jazz.00032.wav,661794,jazz,Data/melgram_numpy\jazz.00032.npy
Data/genres_original/jazz/jazz.00033.wav,661794,jazz,Data/melgram_numpy\jazz.00033.npy
Data/genres_original/jazz/jazz.00034.wav,661794,jazz,Data/melgram_numpy\jazz.00034.npy
Data/genres_original/jazz/jazz.00035.wav,661794,jazz,Data/melgram_numpy\jazz.00035.npy
Data/genres_original/jazz/jazz.00036.wav,661794,jazz,Data/melgram_numpy\jazz.00036.npy
Data/genres_original/jazz/jazz.00037.wav,661794,jazz,Data/melgram_numpy\jazz.00037.npy
Data/genres_original/jazz/jazz.00038.wav,661794,jazz,Data/melgram_numpy\jazz.00038.npy
Data/genres_original/jazz/jazz.00039.wav,661794,jazz,Data/melgram_numpy\jazz.00039.npy
Data/genres_original/jazz/jazz.00040.wav,661794,jazz,Data/melgram_numpy\jazz.00040.npy
Data/genres_original/jazz/jazz.00041.wav,661794,jazz,Data/melgram_numpy\jazz.00041.npy
Data/genres_original/jazz/jazz.00042.wav,661794,jazz,Data/melgram_numpy\jazz.00042.npy
Data/genres_original/jazz/jazz.00043.wav,661794,jazz,Data/melgram_numpy\jazz.00043.npy
Data/genres_original/jazz/jazz.00044.wav,661794,jazz,Data/melgram_numpy\jazz.00044.npy
Data/genres_original/jazz/jazz.00045.wav,661794,jazz,Data/melgram_numpy\jazz.00045.npy
Data/genres_original/jazz/jazz.00046.wav,661794,jazz,Data/melgram_numpy\jazz.00046.npy
Data/genres_original/jazz/jazz.00047.wav,661794,jazz,Data/melgram_numpy\jazz.00047.npy
Data/genres_original/jazz/jazz.00048.wav,661794,jazz,Data/melgram_numpy\jazz.00048.npy
Data/genres_original/jazz/jazz.00049.wav,661676,jazz,Data/melgram_numpy\jazz.00049.npy
Data/genres_original/jazz/jazz.00051.wav,661794,jazz,Data/melgram_numpy\jazz.00051.npy
Data/genres_original/jazz/jazz.00053.wav,661794,jazz,Data/melgram_numpy\jazz.00053.npy
Data/genres_original/jazz/jazz.00055.wav,661794,jazz,Data/melgram_numpy\jazz.00055.npy
Data/genres_original/jazz/jazz.00057.wav,661794,jazz,Data/melgram_numpy\jazz.00057.npy
Data/genres_original/jazz/jazz.00058.wav,661794,jazz,Data/melgram_numpy\jazz.00058.npy
Data/genres_original/jazz/jazz.00060.wav,661794,jazz,Data/melgram_numpy\jazz.00060.npy
Data/genres_original/jazz/jazz.00062.wav,661794,jazz,Data/melgram_numpy\jazz.00062.npy
Data/genres_original/jazz/jazz.00064.wav,661980,jazz,Data/melgram_numpy\jazz.00064.npy
Data/genres_original/jazz/jazz.00065.wav,661794,jazz,Data/melgram_numpy\jazz.00065.npy
Data/genres_original/jazz/jazz.00067.wav,661794,jazz,Data/melgram_numpy\jazz.00067.npy
Data/genres_original/jazz/jazz.00068.wav,661794,jazz,Data/melgram_numpy\jazz.00068.npy
Data/genres_original/jazz/jazz.00069.wav,661794,jazz,Data/melgram_numpy\jazz.00069.npy
Data/genres_original/jazz/jazz.00070.wav,661794,jazz,Data/melgram_numpy\jazz.00070.npy
Data/genres_original/jazz/jazz.00071.wav,661794,jazz,Data/melgram_numpy\jazz.00071.npy
Data/genres_original/jazz/jazz.00072.wav,661794,jazz,Data/melgram_numpy\jazz.00072.npy
Data/genres_original/jazz/jazz.00073.wav,661794,jazz,Data/melgram_numpy\jazz.00073.npy
Data/genres_original/jazz/jazz.00074.wav,661794,jazz,Data/melgram_numpy\jazz.00074.npy
Data/genres_original/jazz/jazz.00075.wav,661794,jazz,Data/melgram_numpy\jazz.00075.npy
Data/genres_original/jazz/jazz.00076.wav,661794,jazz,Data/melgram_numpy\jazz.00076.npy
Data/genres_original/jazz/jazz.00077.wav,661794,jazz,Data/melgram_numpy\jazz.00077.npy
Data/genres_original/jazz/jazz.00078.wav,661794,jazz,Data/melgram_numpy\jazz.00078.npy
Data/genres_original/jazz/jazz.00079.wav,661794,jazz,Data/melgram_numpy\jazz.00079.npy
Data/genres_original/jazz/jazz.00080.wav,661794,jazz,Data/melgram_numpy\jazz.00080.npy
Data/genres_original/jazz/jazz.00081.wav,661794,jazz,Data/melgram_numpy\jazz.00081.npy
Data/genres_original/jazz/jazz.00082.wav,661794,jazz,Data/melgram_numpy\jazz.00082.npy
Data/genres_original/jazz/jazz.00083.wav,661794,jazz,Data/melgram_numpy\jazz.00083.npy
Data/genres_original/jazz/jazz.00084.wav,661794,jazz,Data/melgram_numpy\jazz.00084.npy
Data/genres_original/jazz/jazz.00085.wav,661794,jazz,Data/melgram_numpy\jazz.00085.npy
Data/genres_original/jazz/jazz.00086.wav,661794,jazz,Data/melgram_numpy\jazz.00086.npy
Data/genres_original/jazz/jazz.00087.wav,661794,jazz,Data/melgram_numpy\jazz.00087.npy
Data/genres_original/jazz/jazz.00088.wav,661794,jazz,Data/melgram_numpy\jazz.00088.npy
Data/genres_original/jazz/jazz.00089.wav,661794,jazz,Data/melgram_numpy\jazz.00089.npy
Data/genres_original/jazz/jazz.00090.wav,661794,jazz,Data/melgram_numpy\jazz.00090.npy
Data/genres_original/jazz/jazz.00091.wav,661794,jazz,Data/melgram_numpy\jazz.00091.npy
Data/genres_original/jazz/jazz.00092.wav,661794,jazz,Data/melgram_numpy\jazz.00092.npy
Data/genres_original/jazz/jazz.00093.wav,661794,jazz,Data/melgram_numpy\jazz.00093.npy
Data/genres_original/jazz/jazz.00094.wav,661794,jazz,Data/melgram_numpy\jazz.00094.npy
Data/genres_original/jazz/jazz.00095.wav,661794,jazz,Data/melgram_numpy\jazz.00095.npy
Data/genres_original/jazz/jazz.00096.wav,661794,jazz,Data/melgram_numpy\jazz.00096.npy
Data/genres_original/jazz/jazz.00097.wav,661794,jazz,Data/melgram_numpy\jazz.00097.npy
Data/genres_original/jazz/jazz.00098.wav,661794,jazz,Data/melgram_numpy\jazz.00098.npy
Data/genres_original/jazz/jazz.00099.wav,661794,jazz,Data/melgram_numpy\jazz.00099.npy
Data/genres_original/metal/metal.00000.wav,661504,metal,Data/melgram_numpy\metal.00000.npy
Data/genres_original/metal/metal.00001.wav,661504,metal,Data/melgram_numpy\metal.00001.npy
Data/genres_original/metal/metal.00002.wav,661504,metal,Data/melgram_numpy\metal.00002.npy
Data/genres_original/metal/metal.00003.wav,661504,metal,Data/melgram_numpy\metal.00003.npy
Data/genres_original/metal/metal.00004.wav,661504,metal,Data/melgram_numpy\metal.00004.npy
Data/genres_original/metal/metal.00005.wav,661504,metal,Data/melgram_numpy\metal.00005.npy
Data/genres_original/metal/metal.00006.wav,661504,metal,Data/melgram_numpy\metal.00006.npy
Data/genres_original/metal/metal.00007.wav,661504,metal,Data/melgram_numpy\metal.00007.npy
Data/genres_original/metal/metal.00008.wav,661504,metal,Data/melgram_numpy\metal.00008.npy
Data/genres_original/metal/metal.00009.wav,661504,metal,Data/melgram_numpy\metal.00009.npy
Data/genres_original/metal/metal.00010.wav,661504,metal,Data/melgram_numpy\metal.00010.npy
Data/genres_original/metal/metal.00011.wav,661504,metal,Data/melgram_numpy\metal.00011.npy
Data/genres_original/metal/metal.00012.wav,661504,metal,Data/melgram_numpy\metal.00012.npy
Data/genres_original/metal/metal.00013.wav,661504,metal,Data/melgram_numpy\metal.00013.npy
Data/genres_original/metal/metal.00014.wav,661504,metal,Data/melgram_numpy\metal.00014.npy
Data/genres_original/metal/metal.00015.wav,661504,metal,Data/melgram_numpy\metal.00015.npy
Data/genres_original/metal/metal.00016.wav,661504,metal,Data/melgram_numpy\metal.00016.npy
Data/genres_original/metal/metal.00017.wav,661504,metal,Data/melgram_numpy\metal.00017.npy
Data/genres_original/metal/metal.00018.wav,661504,metal,Data/melgram_numpy\metal.00018.npy
Data/genres_original/metal/metal.00019.wav,661504,metal,Data/melgram_numpy\metal.00019.npy
Data/genres_original/metal/metal.00020.wav,661504,metal,Data/melgram_numpy\metal.00020.npy
Data/genres_original/metal/metal.00021.wav,661504,metal,Data/melgram_numpy\metal.00021.npy
Data/genres_original/metal/metal.00022.wav,661504,metal,Data/melgram_numpy\metal.00022.npy
Data/genres_original/metal/metal.00023.wav,661504,metal,Data/melgram_numpy\metal.00023.npy
Data/genres_original/metal/metal.00024.wav,661504,metal,Data/melgram_numpy\metal.00024.npy
Data/genres_original/metal/metal.00025.wav,661504,metal,Data/melgram_numpy\metal.00025.npy
Data/genres_original/metal/metal.00026.wav,661504,metal,Data/melgram_numpy\metal.00026.npy
Data/genres_original/metal/metal.00027.wav,661504,metal,Data/melgram_numpy\metal.00027.npy
Data/genres_original/metal/metal.00028.wav,661504,metal,Data/melgram_numpy\metal.00028.npy
Data/genres_original/metal/metal.00029.wav,661504,metal,Data/melgram_numpy\metal.00029.npy
Data/genres_original/metal/metal.00030.wav,661504,metal,Data/melgram_numpy\metal.00030.npy
Data/genres_original/metal/metal.00031.wav,661504,metal,Data/melgram_numpy\metal.00031.npy
Data/genres_original/metal/metal.00032.wav,661504,metal,Data/melgram_numpy\metal.00032.npy
Data/genres_original/metal/metal.00033.wav,661504,metal,Data/melgram_numpy\metal.00033.npy
Data/genres_original/metal/metal.00034.wav,661504,metal,Data/melgram_numpy\metal.00034.npy
Data/genres_original/metal/metal.00035.wav,661504,metal,Data/melgram_numpy\metal.00035.npy
Data/genres_original/metal/metal.00036.wav,661504,metal,Data/melgram_numpy\metal.00036.npy
Data/genres_original/metal/metal.00037.wav,661504,metal,Data/melgram_numpy\metal.00037.npy
Data/genres_original/metal/metal.00038.wav,661504,metal,Data/melgram_numpy\metal.00038.npy
Data/genres_original/metal/metal.00039.wav,661504,metal,Data/melgram_numpy\metal.00039.npy
Data/genres_original/metal/metal.00040.wav,661794,metal,Data/melgram_numpy\metal.00040.npy
Data/genres_original/metal/metal.00041.wav,661794,metal,Data/melgram_numpy\metal.00041.npy
Data/genres_original/metal/metal.00042.wav,661794,metal,Data/melgram_numpy\metal.00042.npy
Data/genres_original/metal/metal.00043.wav,661794,metal,Data/melgram_numpy\metal.00043.npy
Data/genres_original/metal/metal.00044.wav,661794,metal,Data/melgram_numpy\metal.00044.npy
Data/genres_original/metal/metal.00045.wav,661794,metal,Data/melgram_numpy\metal.00045.npy
Data/genres_original/metal/metal.00046.wav,661794,metal,Data/melgram_numpy\metal.00046.npy
Data/genres_original/metal/metal.00047.wav,661794,metal,Data/melgram_numpy\metal.00047.npy
Data/genres_original/metal/metal.00048.wav,661794,metal,Data/melgram_numpy\metal.00048.npy
Data/genres_original/metal/metal.00049.wav,661794,metal,Data/melgram_numpy\metal.00049.npy
Data/genres_original/metal/metal.00050.wav,661794,metal,Data/melgram_numpy\metal.00050.npy
Data/genres_original/metal/metal.00051.wav,661794,metal,Data/melgram_numpy\metal.00051.npy
Data/genres_original/metal/metal.00052.wav,661794,metal,Data/melgram_numpy\metal.00052.npy
Data/genres_original/metal/metal.00053.wav,661794,metal,Data/melgram_numpy\metal.00053.npy
Data/genres_original/metal/metal.00054.wav,661794,metal,Data/melgram_numpy\metal.00054.npy
Data/genres_original/metal/metal.00055.wav,661794,metal,Data/melgram_numpy\metal.00055.npy
Data/genres_original/metal/metal.00056.wav,661794,metal,Data/melgram_numpy\metal.00056.npy
Data/genres_original/metal/metal.00057.wav,661794,metal,Data/melgram_numpy\metal.00057.npy
Data/genres_original/metal/metal.00058.wav,661794,metal,Data/melgram_numpy\metal.00058.npy
Data/genres_original/metal/metal.00059.wav,661794,metal,Data/melgram_numpy\metal.00059.npy
Data/genres_original/metal/metal.00060.wav,661794,metal,Data/melgram_numpy\metal.00060.npy
Data/genres_original/metal/metal.00061.wav,661794,metal,Data/melgram_numpy\metal.00061.npy
Data/genres_original/metal/metal.00062.wav,661794,metal,Data/melgram_numpy\metal.00062.npy
Data/genres_original/metal/metal.00063.wav,661794,metal,Data/melgram_numpy\metal.00063.npy
Data/genres_original/metal/metal.00064.wav,661794,metal,Data/melgram_numpy\metal.00064.npy
Data/genres_original/metal/metal.00065.wav,661794,metal,Data/melgram_numpy\metal.00065.npy
Data/genres_original/metal/metal.00066.wav,661794,metal,Data/melgram_numpy\metal.00066.npy
Data/genres_original/metal/metal.00067.wav,661504,metal,Data/melgram_numpy\metal.00067.npy
Data/genres_original/metal/metal.00068.wav,661504,metal,Data/melgram_numpy\metal.00068.npy
Data/genres_original/metal/metal.00069.wav,661504,metal,Data/melgram_numpy\metal.00069.npy
Data/genres_original/metal/metal.00070.wav,661504,metal,Data/melgram_numpy\metal.00070.npy
Data/genres_original/metal/metal.00071.wav,661504,metal,Data/melgram_numpy\metal.00071.npy
Data/genres_original/metal/metal.00072.wav,661504,metal,Data/melgram_numpy\metal.00072.npy
Data/genres_original/metal/metal.00073.wav,661504,metal,Data/melgram_numpy\metal.00073.npy
Data/genres_original/metal/metal.00074.wav,661504,metal,Data/melgram_numpy\metal.00074.npy
Data/genres_original/metal/metal.00075.wav,661504,metal,Data/melgram_numpy\metal.00075.npy
Data/genres_original/metal/metal.00076.wav,661504,metal,Data/melgram_numpy\metal.00076.npy
Data/genres_original/metal/metal.00077.wav,661504,metal,Data/melgram_numpy\metal.00077.npy
Data/genres_original/metal/metal.00078.wav,661504,metal,Data/melgram_numpy\metal.00078.npy
Data/genres_original/metal/metal.00079.wav,661504,metal,Data/melgram_numpy\metal.00079.npy
Data/genres_original/metal/metal.00080.wav,661504,metal,Data/melgram_numpy\metal.00080.npy
Data/genres_original/metal/metal.00081.wav,661504,metal,Data/melgram_numpy\metal.00081.npy
Data/genres_original/metal/metal.00082.wav,661504,metal,Data/melgram_numpy\metal.00082.npy
Data/genres_original/metal/metal.00083.wav,661504,metal,Data/melgram_numpy\metal.00083.npy
Data/genres_original/metal/metal.00084.wav,661504,metal,Data/melgram_numpy\metal.00084.npy
Data/genres_original/metal/metal.00085.wav,661504,metal,Data/melgram_numpy\metal.00085.npy
Data/genres_original/metal/metal.00086.wav,661504,metal,Data/melgram_numpy\metal.00086.npy
Data/genres_original/metal/metal.00087.wav,661504,metal,Data/melgram_numpy\metal.00087.npy
Data/genres_original/metal/metal.00088.wav,661504,metal,Data/melgram_numpy\metal.00088.npy
Data/genres_original/metal/metal.00089.wav,661504,metal,Data/melgram_numpy\metal.00089.npy
Data/genres_original/metal/metal.00090.wav,661504,metal,Data/melgram_numpy\metal.00090.npy
Data/genres_original/metal/metal.00091.wav,661504,metal,Data/melgram_numpy\metal.00091.npy
Data/genres_original/metal/metal.00092.wav,661504,metal,Data/melgram_numpy\metal.00092.npy
Data/genres_original/metal/metal.00093.wav,661504,metal,Data/melgram_numpy\metal.00093.npy
Data/genres_original/metal/metal.00094.wav,661504,metal,Data/melgram_numpy\metal.00094.npy
Data/genres_original/metal/metal.00095.wav,661794,metal,Data/melgram_numpy\metal.00095.npy
Data/genres_original/metal/metal.00096.wav,661794,metal,Data/melgram_numpy\metal.00096.npy
Data/genres_original/metal/metal.00097.wav,661794,metal,Data/melgram_numpy\metal.00097.npy
Data/genres_original/metal/metal.00098.wav,661794,metal,Data/melgram_numpy\metal.00098.npy
Data/genres_original/metal/metal.00099.wav,661794,metal,Data/melgram_numpy\metal.00099.npy
Data/genres_original/pop/pop.00000.wav,661504,pop,Data/melgram_numpy\pop.00000.npy
Data/genres_original/pop/pop.00001.wav,661504,pop,Data/melgram_numpy\pop.00001.npy
Data/genres_original/pop/pop.00002.wav,661504,pop,Data/melgram_numpy\pop.00002.npy
Data/genres_original/pop/pop.00003.wav,661504,pop,Data/melgram_numpy\pop.00003.npy
Data/genres_original/pop/pop.00004.wav,661504,pop,Data/melgram_numpy\pop.00004.npy
Data/genres_original/pop/pop.00005.wav,661504,pop,Data/melgram_numpy\pop.00005.npy
Data/genres_original/pop/pop.00006.wav,661504,pop,Data/melgram_numpy\pop.00006.npy
Data/genres_original/pop/pop.00007.wav,661504,pop,Data/melgram_numpy\pop.00007.npy
Data/genres_original/pop/pop.00008.wav,661504,pop,Data/melgram_numpy\pop.00008.npy
Data/genres_original/pop/pop.00009.wav,661504,pop,Data/melgram_numpy\pop.00009.npy
Data/genres_original/pop/pop.00010.wav,661504,pop,Data/melgram_numpy\pop.00010.npy
Data/genres_original/pop/pop.00011.wav,661504,pop,Data/melgram_numpy\pop.00011.npy
Data/genres_original/pop/pop.00012.wav,661504,pop,Data/melgram_numpy\pop.00012.npy
Data/genres_original/pop/pop.00013.wav,661504,pop,Data/melgram_numpy\pop.00013.npy
Data/genres_original/pop/pop.00014.wav,661504,pop,Data/melgram_numpy\pop.00014.npy
Data/genres_original/pop/pop.00015.wav,661504,pop,Data/melgram_numpy\pop.00015.npy
Data/genres_original/pop/pop.00016.wav,661504,pop,Data/melgram_numpy\pop.00016.npy
Data/genres_original/pop/pop.00017.wav,661504,pop,Data/melgram_numpy\pop.00017.npy
Data/genres_original/pop/pop.00018.wav,661504,pop,Data/melgram_numpy\pop.00018.npy
Data/genres_original/pop/pop.00019.wav,661504,pop,Data/melgram_numpy\pop.00019.npy
Data/genres_original/pop/pop.00020.wav,661504,pop,Data/melgram_numpy\pop.00020.npy
Data/genres_original/pop/pop.00021.wav,661504,pop,Data/melgram_numpy\pop.00021.npy
Data/genres_original/pop/pop.00022.wav,661504,pop,Data/melgram_numpy\pop.00022.npy
Data/genres_original/pop/pop.00023.wav,661504,pop,Data/melgram_numpy\pop.00023.npy
Data/genres_original/pop/pop.00024.wav,661504,pop,Data/melgram_numpy\pop.00024.npy
Data/genres_original/pop/pop.00025.wav,661504,pop,Data/melgram_numpy\pop.00025.npy
Data/genres_original/pop/pop.00026.wav,661504,pop,Data/melgram_numpy\pop.00026.npy
Data/genres_original/pop/pop.00027.wav,661504,pop,Data/melgram_numpy\pop.00027.npy
Data/genres_original/pop/pop.00028.wav,661504,pop,Data/melgram_numpy\pop.00028.npy
Data/genres_original/pop/pop.00029.wav,661504,pop,Data/melgram_numpy\pop.00029.npy
Data/genres_original/pop/pop.00030.wav,661504,pop,Data/melgram_numpy\pop.00030.npy
Data/genres_original/pop/pop.00031.wav,661504,pop,Data/melgram_numpy\pop.00031.npy
Data/genres_original/pop/pop.00032.wav,661504,pop,Data/melgram_numpy\pop.00032.npy
Data/genres_original/pop/pop.00033.wav,661504,pop,Data/melgram_numpy\pop.00033.npy
Data/genres_original/pop/pop.00034.wav,661504,pop,Data/melgram_numpy\pop.00034.npy
Data/genres_original/pop/pop.00035.wav,661504,pop,Data/melgram_numpy\pop.00035.npy
Data/genres_original/pop/pop.00036.wav,661504,pop,Data/melgram_numpy\pop.00036.npy
Data/genres_original/pop/pop.00037.wav,661504,pop,Data/melgram_numpy\pop.00037.npy
Data/genres_original/pop/pop.00038.wav,661504,pop,Data/melgram_numpy\pop.00038.npy
Data/genres_original/pop/pop.00039.wav,661504,pop,Data/melgram_numpy\pop.00039.npy
Data/genres_original/pop/pop.00040.wav,661504,pop,Data/melgram_numpy\pop.00040.npy
Data/genres_original/pop/pop.00041.wav,661504,pop,Data/melgram_numpy\pop.00041.npy
Data/genres_original/pop/pop.00042.wav,661504,pop,Data/melgram_numpy\pop.00042.npy
Data/genres_original/pop/pop.00043.wav,661504,pop,Data/melgram_numpy\pop.00043.npy
Data/genres_original/pop/pop.00044.wav,661504,pop,Data/melgram_numpy\pop.00044.npy
Data/genres_original/pop/pop.00045.wav,661504,pop,Data/melgram_numpy\pop.00045.npy
Data/genres_original/pop/pop.00046.wav,661504,pop,Data/melgram_numpy\pop.00046.npy
Data/genres_original/pop/pop.00047.wav,661504,pop,Data/melgram_numpy\pop.00047.npy
Data/genres_original/pop/pop.00048.wav,661504,pop,Data/melgram_numpy\pop.00048.npy
Data/genres_original/pop/pop.00049.wav,661504,pop,Data/melgram_numpy\pop.00049.npy
Data/genres_original/pop/pop.00050.wav,661504,pop,Data/melgram_numpy\pop.00050.npy
Data/genres_original/pop/pop.00051.wav,661504,pop,Data/melgram_numpy\pop.00051.npy
Data/genres_original/pop/pop.00052.wav,661504,pop,Data/melgram_numpy\pop.00052.npy
Data/genres_original/pop/pop.00053.wav,661504,pop,Data/melgram_numpy\pop.00053.npy
Data/genres_original/pop/pop.00054.wav,661504,pop,Data/melgram_numpy\pop.00054.npy
Data/genres_original/pop/pop.00055.wav,661504,pop,Data/melgram_numpy\pop.00055.npy
Data/genres_original/pop/pop.00056.wav,661504,pop,Data/melgram_numpy\pop.00056.npy
Data/genres_original/pop/pop.00057.wav,661504,pop,Data/melgram_numpy\pop.00057.npy
Data/genres_original/pop/pop.00058.wav,661504,pop,Data/melgram_numpy\pop.00058.npy
Data/genres_original/pop/pop.00059.wav,661504,pop,Data/melgram_numpy\pop.00059.npy
Data/genres_original/pop/pop.00060.wav,661504,pop,Data/melgram_numpy\pop.00060.npy
Data/genres_original/pop/pop.00061.wav,661504,pop,Data/melgram_numpy\pop.00061.npy
Data/genres_original/pop/pop.00062.wav,661504,pop,Data/melgram_numpy\pop.00062.npy
Data/genres_original/pop/pop.00063.wav,661504,pop,Data/melgram_numpy\pop.00063.npy
Data/genres_original/pop/pop.00064.wav,661504,pop,Data/melgram_numpy\pop.00064.npy
Data/genres_original/pop/pop.00065.wav,661504,pop,Data/melgram_numpy\pop.00065.npy
Data/genres_original/pop/pop.00066.wav,661504,pop,Data/melgram_numpy\pop.00066.npy
Data/genres_original/pop/pop.00067.wav,661504,pop,Data/melgram_numpy\pop.00067.npy
Data/genres_original/pop/pop.00068.wav,661504,pop,Data/melgram_numpy\pop.00068.npy
Data/genres_original/pop/pop.00069.wav,661504,pop,Data/melgram_numpy\pop.00069.npy
Data/genres_original/pop/pop.00070.wav,661504,pop,Data/melgram_numpy\pop.00070.npy
Data/genres_original/pop/pop.00071.wav,661504,pop,Data/melgram_numpy\pop.00071.npy
Data/genres_original/pop/pop.00072.wav,661504,pop,Data/melgram_numpy\pop.00072.npy
Data/genres_original/pop/pop.00073.wav,661504,pop,Data/melgram_numpy\pop.00073.npy
Data/genres_original/pop/pop.00074.wav,661504,pop,Data/melgram_numpy\pop.00074.npy
Data/genres_original/pop/pop.00075.wav,661504,pop,Data/melgram_numpy\pop.00075.npy
Data/genres_original/pop/pop.00076.wav,661504,pop,Data/melgram_numpy\pop.00076.npy
Data/genres_original/pop/pop.00077.wav,661504,pop,Data/melgram_numpy\pop.00077.npy
Data/genres_original/pop/pop.00078.wav,661504,pop,Data/melgram_numpy\pop.00078.npy
Data/genres_original/pop/pop.00079.wav,661504,pop,Data/melgram_numpy\pop.00079.npy
Data/genres_original/pop/pop.00080.wav,661504,pop,Data/melgram_numpy\pop.00080.npy
Data/genres_original/pop/pop.00081.wav,661504,pop,Data/melgram_numpy\pop.00081.npy
Data/genres_original/pop/pop.00082.wav,661504,pop,Data/melgram_numpy\pop.00082.npy
Data/genres_original/pop/pop.00083.wav,661504,pop,Data/melgram_numpy\pop.00083.npy
Data/genres_original/pop/pop.00084.wav,661504,pop,Data/melgram_numpy\pop.00084.npy
Data/genres_original/pop/pop.00085.wav,661504,pop,Data/melgram_numpy\pop.00085.npy
Data/genres_original/pop/pop.00086.wav,661504,pop,Data/melgram_numpy\pop.00086.npy
Data/genres_original/pop/pop.00087.wav,661504,pop,Data/melgram_numpy\pop.00087.npy
Data/genres_original/pop/pop.00088.wav,661504,pop,Data/melgram_numpy\pop.00088.npy
Data/genres_original/pop/pop.00089.wav,661504,pop,Data/melgram_numpy\pop.00089.npy
Data/genres_original/pop/pop.00090.wav,661504,pop,Data/melgram_numpy\pop.00090.npy
Data/genres_original/pop/pop.00091.wav,661504,pop,Data/melgram_numpy\pop.00091.npy
Data/genres_original/pop/pop.00092.wav,661504,pop,Data/melgram_numpy\pop.00092.npy
Data/genres_original/pop/pop.00093.wav,661504,pop,Data/melgram_numpy\pop.00093.npy
Data/genres_original/pop/pop.00094.wav,661504,pop,Data/melgram_numpy\pop.00094.npy
Data/genres_original/pop/pop.00095.wav,661504,pop,Data/melgram_numpy\pop.00095.npy
Data/genres_original/pop/pop.00096.wav,661504,pop,Data/melgram_numpy\pop.00096.npy
Data/genres_original/pop/pop.00097.wav,661504,pop,Data/melgram_numpy\pop.00097.npy
Data/genres_original/pop/pop.00098.wav,661504,pop,Data/melgram_numpy\pop.00098.npy
Data/genres_original/pop/pop.00099.wav,661504,pop,Data/melgram_numpy\pop.00099.npy
Data/genres_original/reggae/reggae.00000.wav,661794,reggae,Data/melgram_numpy\reggae.00000.npy
Data/genres_original/reggae/reggae.00001.wav,661794,reggae,Data/melgram_numpy\reggae.00001.npy
Data/genres_original/reggae/reggae.00002.wav,661794,reggae,Data/melgram_numpy\reggae.00002.npy
Data/genres_original/reggae/reggae.00003.wav,661794,reggae,Data/melgram_numpy\reggae.00003.npy
Data/genres_original/reggae/reggae.00004.wav,661794,reggae,Data/melgram_numpy\reggae.00004.npy
Data/genres_original/reggae/reggae.00005.wav,661794,reggae,Data/melgram_numpy\reggae.00005.npy
Data/genres_original/reggae/reggae.00006.wav,661794,reggae,Data/melgram_numpy\reggae.00006.npy
Data/genres_original/reggae/reggae.00007.wav,661794,reggae,Data/melgram_numpy\reggae.00007.npy
Data/genres_original/reggae/reggae.00008.wav,661794,reggae,Data/melgram_numpy\reggae.00008.npy
Data/genres_original/reggae/reggae.00009.wav,661794,reggae,Data/melgram_numpy\reggae.00009.npy
Data/genres_original/reggae/reggae.00010.wav,661794,reggae,Data/melgram_numpy\reggae.00010.npy
Data/genres_original/reggae/reggae.00011.wav,661794,reggae,Data/melgram_numpy\reggae.00011.npy
Data/genres_original/reggae/reggae.00012.wav,661794,reggae,Data/melgram_numpy\reggae.00012.npy
Data/genres_original/reggae/reggae.00013.wav,661794,reggae,Data/melgram_numpy\reggae.00013.npy
Data/genres_original/reggae/reggae.00014.wav,661794,reggae,Data/melgram_numpy\reggae.00014.npy
Data/genres_original/reggae/reggae.00015.wav,661794,reggae,Data/melgram_numpy\reggae.00015.npy
Data/genres_original/reggae/reggae.00016.wav,661794,reggae,Data/melgram_numpy\reggae.00016.npy
Data/genres_original/reggae/reggae.00017.wav,661794,reggae,Data/melgram_numpy\reggae.00017.npy
Data/genres_original/reggae/reggae.00018.wav,661794,reggae,Data/melgram_numpy\reggae.00018.npy
Data/genres_original/reggae/reggae.00019.wav,661794,reggae,Data/melgram_numpy\reggae.00019.npy
Data/genres_original/reggae/reggae.00020.wav,661794,reggae,Data/melgram_numpy\reggae.00020.npy
Data/genres_original/reggae/reggae.00021.wav,661794,reggae,Data/melgram_numpy\reggae.00021.npy
Data/genres_original/reggae/reggae.00022.wav,661794,reggae,Data/melgram_numpy\reggae.00022.npy
Data/genres_original/reggae/reggae.00023.wav,661794,reggae,Data/melgram_numpy\reggae.00023.npy
Data/genres_original/reggae/reggae.00024.wav,661794,reggae,Data/melgram_numpy\reggae.00024.npy
Data/genres_original/reggae/reggae.00025.wav,661794,reggae,Data/melgram_numpy\reggae.00025.npy
Data/genres_original/reggae/reggae.00026.wav,661794,reggae,Data/melgram_numpy\reggae.00026.npy
Data/genres_original/reggae/reggae.00027.wav,661794,reggae,Data/melgram_numpy\reggae.00027.npy
Data/genres_original/reggae/reggae.00028.wav,661794,reggae,Data/melgram_numpy\reggae.00028.npy
Data/genres_original/reggae/reggae.00029.wav,661794,reggae,Data/melgram_numpy\reggae.00029.npy
Data/genres_original/reggae/reggae.00030.wav,661794,reggae,Data/melgram_numpy\reggae.00030.npy
Data/genres_original/reggae/reggae.00031.wav,661794,reggae,Data/melgram_numpy\reggae.00031.npy
Data/genres_original/reggae/reggae.00032.wav,661794,reggae,Data/melgram_numpy\reggae.00032.npy
Data/genres_original/reggae/reggae.00033.wav,661794,reggae,Data/melgram_numpy\reggae.00033.npy
Data/genres_original/reggae/reggae.00034.wav,661794,reggae,Data/melgram_numpy\reggae.00034.npy
Data/genres_original/reggae/reggae.00035.wav,661794,reggae,Data/melgram_numpy\reggae.00035.npy
Data/genres_original/reggae/reggae.00036.wav,661794,reggae,Data/melgram_numpy\reggae.00036.npy
Data/genres_original/reggae/reggae.00037.wav,661794,reggae,Data/melgram_numpy\reggae.00037.npy
Data/genres_original/reggae/reggae.00038.wav,661794,reggae,Data/melgram_numpy\reggae.00038.npy
Data/genres_original/reggae/reggae.00039.wav,661794,reggae,Data/melgram_numpy\reggae.00039.npy
Data/genres_original/reggae/reggae.00040.wav,661794,reggae,Data/melgram_numpy\reggae.00040.npy
Data/genres_original/reggae/reggae.00041.wav,661504,reggae,Data/melgram_numpy\reggae.00041.npy
Data/genres_original/reggae/reggae.00042.wav,661504,reggae,Data/melgram_numpy\reggae.00042.npy
Data/genres_original/reggae/reggae.00043.wav,661504,reggae,Data/melgram_numpy\reggae.00043.npy
Data/genres_original/reggae/reggae.00044.wav,661504,reggae,Data/melgram_numpy\reggae.00044.npy
Data/genres_original/reggae/reggae.00045.wav,661504,reggae,Data/melgram_numpy\reggae.00045.npy
Data/genres_original/reggae/reggae.00046.wav,661504,reggae,Data/melgram_numpy\reggae.00046.npy
Data/genres_original/reggae/reggae.00047.wav,661504,reggae,Data/melgram_numpy\reggae.00047.npy
Data/genres_original/reggae/reggae.00048.wav,661504,reggae,Data/melgram_numpy\reggae.00048.npy
Data/genres_original/reggae/reggae.00049.wav,661504,reggae,Data/melgram_numpy\reggae.00049.npy
Data/genres_original/reggae/reggae.00050.wav,661504,reggae,Data/melgram_numpy\reggae.00050.npy
Data/genres_original/reggae/reggae.00051.wav,661504,reggae,Data/melgram_numpy\reggae.00051.npy
Data/genres_original/reggae/reggae.00052.wav,661504,reggae,Data/melgram_numpy\reggae.00052.npy
Data/genres_original/reggae/reggae.00053.wav,661504,reggae,Data/melgram_numpy\reggae.00053.npy
Data/genres_original/reggae/reggae.00054.wav,661504,reggae,Data/melgram_numpy\reggae.00054.npy
Data/genres_original/reggae/reggae.00055.wav,661504,reggae,Data/melgram_numpy\reggae.00055.npy
Data/genres_original/reggae/reggae.00056.wav,661504,reggae,Data/melgram_numpy\reggae.00056.npy
Data/genres_original/reggae/reggae.00057.wav,661504,reggae,Data/melgram_numpy\reggae.00057.npy
Data/genres_original/reggae/reggae.00058.wav,661504,reggae,Data/melgram_numpy\reggae.00058.npy
Data/genres_original/reggae/reggae.00059.wav,661504,reggae,Data/melgram_numpy\reggae.00059.npy
Data/genres_original/reggae/reggae.00060.wav,661504,reggae,Data/melgram_numpy\reggae.00060.npy
Data/genres_original/reggae/reggae.00061.wav,661504,reggae,Data/melgram_numpy\reggae.00061.npy
Data/genres_original/reggae/reggae.00062.wav,661504,reggae,Data/melgram_numpy\reggae.00062.npy
Data/genres_original/reggae/reggae.00063.wav,661504,reggae,Data/melgram_numpy\reggae.00063.npy
Data/genres_original/reggae/reggae.00064.wav,661504,reggae,Data/melgram_numpy\reggae.00064.npy
Data/genres_original/reggae/reggae.00065.wav,661504,reggae,Data/melgram_numpy\reggae.00065.npy
Data/genres_original/reggae/reggae.00066.wav,661504,reggae,Data/melgram_numpy\reggae.00066.npy
Data/genres_original/reggae/reggae.00067.wav,661504,reggae,Data/melgram_numpy\reggae.00067.npy
Data/genres_original/reggae/reggae.00068.wav,661504,reggae,Data/melgram_numpy\reggae.00068.npy
Data/genres_original/reggae/reggae.00069.wav,661504,reggae,Data/melgram_numpy\reggae.00069.npy
Data/genres_original/reggae/reggae.00070.wav,661504,reggae,Data/melgram_numpy\reggae.00070.npy
Data/genres_original/reggae/reggae.00071.wav,661504,reggae,Data/melgram_numpy\reggae.00071.npy
Data/genres_original/reggae/reggae.00072.wav,661504,reggae,Data/melgram_numpy\reggae.00072.npy
Data/genres_original/reggae/reggae.00073.wav,661504,reggae,Data/melgram_numpy\reggae.00073.npy
Data/genres_original/reggae/reggae.00074.wav,661504,reggae,Data/melgram_numpy\reggae.00074.npy
Data/genres_original/reggae/reggae.00075.wav,661504,reggae,Data/melgram_numpy\reggae.00075.npy
Data/genres_original/reggae/reggae.00076.wav,661504,reggae,Data/melgram_numpy\reggae.00076.npy
Data/genres_original/reggae/reggae.00077.wav,661504,reggae,Data/melgram_numpy\reggae.00077.npy
Data/genres_original/reggae/reggae.00078.wav,661504,reggae,Data/melgram_numpy\reggae.00078.npy
Data/genres_original/reggae/reggae.00079.wav,661504,reggae,Data/melgram_numpy\reggae.00079.npy
Data/genres_original/reggae/reggae.00080.wav,661504,reggae,Data/melgram_numpy\reggae.00080.npy
Data/genres_original/reggae/reggae.00081.wav,661504,reggae,Data/melgram_numpy\reggae.00081.npy
Data/genres_original/reggae/reggae.00082.wav,661504,reggae,Data/melgram_numpy\reggae.00082.npy
Data/genres_original/reggae/reggae.00083.wav,661504,reggae,Data/melgram_numpy\reggae.00083.npy
Data/genres_original/reggae/reggae.00084.wav,661504,reggae,Data/melgram_numpy\reggae.00084.npy
Data/genres_original/reggae/reggae.00085.wav,661504,reggae,Data/melgram_numpy\reggae.00085.npy
Data/genres_original/reggae/reggae.00086.wav,661504,reggae,Data/melgram_numpy\reggae.00086.npy
Data/genres_original/reggae/reggae.00087.wav,661504,reggae,Data/melgram_numpy\reggae.00087.npy
Data/genres_original/reggae/reggae.00088.wav,661504,reggae,Data/melgram_numpy\reggae.00088.npy
Data/genres_original/reggae/reggae.00089.wav,661504,reggae,Data/melgram_numpy\reggae.00089.npy
Data/genres_original/reggae/reggae.00090.wav,661504,reggae,Data/melgram_numpy\reggae.00090.npy
Data/genres_original/reggae/reggae.00091.wav,661504,reggae,Data/melgram_numpy\reggae.00091.npy
Data/genres_original/reggae/reggae.00092.wav,661504,reggae,Data/melgram_numpy\reggae.00092.npy
Data/genres_original/reggae/reggae.00093.wav,661504,reggae,Data/melgram_numpy\reggae.00093.npy
Data/genres_original/reggae/reggae.00094.wav,661504,reggae,Data/melgram_numpy\reggae.00094.npy
Data/genres_original/reggae/reggae.00095.wav,661504,reggae,Data/melgram_numpy\reggae.00095.npy
Data/genres_original/reggae/reggae.00096.wav,661504,reggae,Data/melgram_numpy\reggae.00096.npy
Data/genres_original/reggae/reggae.00097.wav,661504,reggae,Data/melgram_numpy\reggae.00097.npy
Data/genres_original/reggae/reggae.00098.wav,661504,reggae,Data/melgram_numpy\reggae.00098.npy
Data/genres_original/reggae/reggae.00099.wav,661504,reggae,Data/melgram_numpy\reggae.00099.npy
Data/genres_original/rock/rock.00000.wav,661794,rock,Data/melgram_numpy\rock.00000.npy
Data/genres_original/rock/rock.00001.wav,661794,rock,Data/melgram_numpy\rock.00001.npy
Data/genres_original/rock/rock.00002.wav,661794,rock,Data/melgram_numpy\rock.00002.npy
Data/genres_original/rock/rock.00003.wav,661794,rock,Data/melgram_numpy\rock.00003.npy
Data/genres_original/rock/rock.00004.wav,661794,rock,Data/melgram_numpy\rock.00004.npy
Data/genres_original/rock/rock.00005.wav,661794,rock,Data/melgram_numpy\rock.00005.npy
Data/genres_original/rock/rock.00006.wav,661794,rock,Data/melgram_numpy\rock.00006.npy
Data/genres_original/rock/rock.00007.wav,661794,rock,Data/melgram_numpy\rock.00007.npy
Data/genres_original/rock/rock.00008.wav,661794,rock,Data/melgram_numpy\rock.00008.npy
Data/genres_original/rock/rock.00009.wav,661794,rock,Data/melgram_numpy\rock.00009.npy
Data/genres_original/rock/rock.00010.wav,661794,rock,Data/melgram_numpy\rock.00010.npy
Data/genres_original/rock/rock.00011.wav,661794,rock,Data/melgram_numpy\rock.00011.npy
Data/genres_original/rock/rock.00012.wav,661794,rock,Data/melgram_numpy\rock.00012.npy
Data/genres_original/rock/rock.00013.wav,661794,rock,Data/melgram_numpy\rock.00013.npy
Data/genres_original/rock/rock.00014.wav,661794,rock,Data/melgram_numpy\rock.00014.npy
Data/genres_original/rock/rock.00015.wav,661794,rock,Data/melgram_numpy\rock.00015.npy
Data/genres_original/rock/rock.00016.wav,661794,rock,Data/melgram_numpy\rock.00016.npy
Data/genres_original/rock/rock.00017.wav,661794,rock,Data/melgram_numpy\rock.00017.npy
Data/genres_original/rock/rock.00018.wav,661794,rock,Data/melgram_numpy\rock.00018.npy
Data/genres_original/rock/rock.00019.wav,661794,rock,Data/melgram_numpy\rock.00019.npy
Data/genres_original/rock/rock.00020.wav,661794,rock,Data/melgram_numpy\rock.00020.npy
Data/genres_original/rock/rock.00021.wav,661794,rock,Data/melgram_numpy\rock.00021.npy
Data/genres_original/rock/rock.00022.wav,661794,rock,Data/melgram_numpy\rock.00022.npy
Data/genres_original/rock/rock.00023.wav,661794,rock,Data/melgram_numpy\rock.00023.npy
Data/genres_original/rock/rock.00024.wav,661794,rock,Data/melgram_numpy\rock.00024.npy
Data/genres_original/rock/rock.00025.wav,661794,rock,Data/melgram_numpy\rock.00025.npy
Data/genres_original/rock/rock.00026.wav,661794,rock,Data/melgram_numpy\rock.00026.npy
Data/genres_original/rock/rock.00028.wav,661794,rock,Data/melgram_numpy\rock.00028.npy
Data/genres_original/rock/rock.00029.wav,661794,rock,Data/melgram_numpy\rock.00029.npy
Data/genres_original/rock/rock.00030.wav,661794,rock,Data/melgram_numpy\rock.00030.npy
Data/genres_original/rock/rock.00031.wav,661794,rock,Data/melgram_numpy\rock.00031.npy
Data/genres_original/rock/rock.00033.wav,661794,rock,Data/melgram_numpy\rock.00033.npy
Data/genres_original/rock/rock.00035.wav,661794,rock,Data/melgram_numpy\rock.00035.npy
Data/genres_original/rock/rock.00037.wav,661794,rock,Data/melgram_numpy\rock.00037.npy
Data/genres_original/rock/rock.00039.wav,661794,rock,Data/melgram_numpy\rock.00039.npy
Data/genres_original/rock/rock.00040.wav,661794,rock,Data/melgram_numpy\rock.00040.npy
Data/genres_original/rock/rock.00041.wav,661794,rock,Data/melgram_numpy\rock.00041.npy
Data/genres_original/rock/rock.00042.wav,661794,rock,Data/melgram_numpy\rock.00042.npy
Data/genres_original/rock/rock.00043.wav,661794,rock,Data/melgram_numpy\rock.00043.npy
Data/genres_original/rock/rock.00044.wav,661794,rock,Data/melgram_numpy\rock.00044.npy
Data/genres_original/rock/rock.00045.wav,661794,rock,Data/melgram_numpy\rock.00045.npy
Data/genres_original/rock/rock.00046.wav,661794,rock,Data/melgram_numpy\rock.00046.npy
Data/genres_original/rock/rock.00047.wav,661794,rock,Data/melgram_numpy\rock.00047.npy
Data/genres_original/rock/rock.00048.wav,661794,rock,Data/melgram_numpy\rock.00048.npy
Data/genres_original/rock/rock.00049.wav,661794,rock,Data/melgram_numpy\rock.00049.npy
Data/genres_original/rock/rock.00050.wav,661794,rock,Data/melgram_numpy\rock.00050.npy
Data/genres_original/rock/rock.00051.wav,661794,rock,Data/melgram_numpy\rock.00051.npy
Data/genres_original/rock/rock.00052.wav,661794,rock,Data/melgram_numpy\rock.00052.npy
Data/genres_original/rock/rock.00053.wav,661794,rock,Data/melgram_numpy\rock.00053.npy
Data/genres_original/rock/rock.00054.wav,661794,rock,Data/melgram_numpy\rock.00054.npy
Data/genres_original/rock/rock.00055.wav,661794,rock,Data/melgram_numpy\rock.00055.npy
Data/genres_original/rock/rock.00056.wav,661794,rock,Data/melgram_numpy\rock.00056.npy
Data/genres_original/rock/rock.00057.wav,661794,rock,Data/melgram_numpy\rock.00057.npy
Data/genres_original/rock/rock.00058.wav,661794,rock,Data/melgram_numpy\rock.00058.npy
Data/genres_original/rock/rock.00059.wav,661794,rock,Data/melgram_numpy\rock.00059.npy
Data/genres_original/rock/rock.00060.wav,661794,rock,Data/melgram_numpy\rock.00060.npy
Data/genres_original/rock/rock.00061.wav,661794,rock,Data/melgram_numpy\rock.00061.npy
Data/genres_original/rock/rock.00062.wav,661794,rock,Data/melgram_numpy\rock.00062.npy
Data/genres_original/rock/rock.00063.wav,661794,rock,Data/melgram_numpy\rock.00063.npy
Data/genres_original/rock/rock.00064.wav,661794,rock,Data/melgram_numpy\rock.00064.npy
Data/genres_original/rock/rock.00065.wav,661794,rock,Data/melgram_numpy\rock.00065.npy
Data/genres_original/rock/rock.00066.wav,661794,rock,Data/melgram_numpy\rock.00066.npy
Data/genres_original/rock/rock.00067.wav,661794,rock,Data/melgram_numpy\rock.00067.npy
Data/genres_original/rock/rock.00068.wav,661794,rock,Data/melgram_numpy\rock.00068.npy
Data/genres_original/rock/rock.00069.wav,661794,rock,Data/melgram_numpy\rock.00069.npy
Data/genres_original/rock/rock.00070.wav,661794,rock,Data/melgram_numpy\rock.00070.npy
Data/genres_original/rock/rock.00071.wav,661794,rock,Data/melgram_numpy\rock.00071.npy
Data/genres_original/rock/rock.00072.wav,661794,rock,Data/melgram_numpy\rock.00072.npy
Data/genres_original/rock/rock.00073.wav,661794,rock,Data/melgram_numpy\rock.00073.npy
Data/genres_original/rock/rock.00074.wav,661794,rock,Data/melgram_numpy\rock.00074.npy
Data/genres_original/rock/rock.00075.wav,661794,rock,Data/melgram_numpy\rock.00075.npy
Data/genres_original/rock/rock.00076.wav,661794,rock,Data/melgram_numpy\rock.00076.npy
Data/genres_original/rock/rock.00077.wav,661794,rock,Data/melgram_numpy\rock.00077.npy
Data/genres_original/rock/rock.00078.wav,661794,rock,Data/melgram_numpy\rock.00078.npy
Data/genres_original/rock/rock.00079.wav,661794,rock,Data/melgram_numpy\rock.00079.npy
Data/genres_original/rock/rock.00080.wav,661794,rock,Data/melgram_numpy\rock.00080.npy
Data/genres_original/rock/rock.00081.wav,661794,rock,Data/melgram_numpy\rock.00081.npy
Data/genres_original/rock/rock.00082.wav,661794,rock,Data/melgram_numpy\rock.00082.npy
Data/genres_original/rock/rock.00083.wav,661794,rock,Data/melgram_numpy\rock.00083.npy
Data/genres_original/rock/rock.00084.wav,661794,rock,Data/melgram_numpy\rock.00084.npy
Data/genres_original/rock/rock.00085.wav,661794,rock,Data/melgram_numpy\rock.00085.npy
Data/genres_original/rock/rock.00086.wav,661794,rock,Data/melgram_numpy\rock.00086.npy
Data/genres_original/rock/rock.00087.wav,661794,rock,Data/melgram_numpy\rock.00087.npy
Data/genres_original/rock/rock.00088.wav,661794,rock,Data/melgram_numpy\rock.00088.npy
Data/genres_original/rock/rock.00089.wav,661794,rock,Data/melgram_numpy\rock.00089.npy
Data/genres_original/rock/rock.00090.wav,661794,rock,Data/melgram_numpy\rock.00090.npy
Data/genres_original/rock/rock.00091.wav,661794,rock,Data/melgram_numpy\rock.00091.npy
Data/genres_original/rock/rock.00092.wav,661794,rock,Data/melgram_numpy\rock.00092.npy
Data/genres_original/rock/rock.00093.wav,661794,rock,Data/melgram_numpy\rock.00093.npy
Data/genres_original/rock/rock.00094.wav,661794,rock,Data/melgram_numpy\rock.00094.npy
Data/genres_original/rock/rock.00095.wav,661794,rock,Data/melgram_numpy\rock.00095.npy
Data/genres_original/rock/rock.00096.wav,661794,rock,Data/melgram_numpy\rock.00096.npy
Data/genres_original/rock/rock.00097.wav,661794,rock,Data/melgram_numpy\rock.00097.npy
Data/genres_original/rock/rock.00098.wav,661794,rock,Data/melgram_numpy\rock.00098.npy
Data/genres_original/rock/rock.00099.wav,661794,rock,Data/melgram_numpy\rock.00099.npy
